Timestamp,PM25,PM10,MQ2_PPM,MQ7_ADC,Temp,Hum,Status
2026-03-24 06:00:00 UTC,100,102,34.4,2047.24,35.5,48.8,Hazardous (Wear Mask)
2026-03-24 06:00:10 UTC,102,105,31.83,2012.64,35.5,49.3,Hazardous (Wear Mask)
2026-03-24 06:00:20 UTC,102,104,33.86,2036.59,35.6,49.6,Hazardous (Wear Mask)
2026-03-24 06:00:30 UTC,101,102,31.33,2015.31,35.6,49.4,Hazardous (Wear Mask)
2026-03-24 06:00:40 UTC,102,104,34.79,2044.58,35.6,49.4,Hazardous (Wear Mask)
2026-03-24 06:00:50 UTC,102,104,31.33,2017.96,35.7,49.2,Hazardous (Wear Mask)
2026-03-24 06:01:00 UTC,103,106,34.57,2039.26,35.7,48.4,Hazardous (Wear Mask)
2026-03-24 06:01:10 UTC,107,108,31.18,2012.64,35.7,48.7,Hazardous (Wear Mask)
2026-03-24 06:01:20 UTC,109,112,31.39,2012.64,35.7,48.0,Hazardous (Wear Mask)
2026-03-24 06:01:30 UTC,108,110,34.34,2036.59,35.7,47.6,Hazardous (Wear Mask)
2026-03-24 06:01:40 UTC,110,111,31.18,2012.64,35.7,49.4,Hazardous (Wear Mask)
2026-03-24 06:01:50 UTC,111,112,34.4,2039.26,35.6,48.1,Hazardous (Wear Mask)
2026-03-24 06:02:00 UTC,110,110,31.27,2012.64,35.6,47.8,Hazardous (Wear Mask)
2026-03-24 06:02:10 UTC,110,113,34.5,2041.92,35.6,47.6,Hazardous (Wear Mask)
2026-03-24 06:02:20 UTC,110,111,31.27,2012.64,35.6,47.3,Hazardous (Wear Mask)
2026-03-24 06:02:30 UTC,107,110,33.86,2036.59,35.7,47.4,Hazardous (Wear Mask)
2026-03-24 06:02:40 UTC,103,108,31.33,2015.31,35.7,47.5,Hazardous (Wear Mask)
2026-03-24 06:02:50 UTC,107,109,33.92,2036.59,35.7,47.7,Hazardous (Wear Mask)
2026-03-24 06:03:00 UTC,107,108,34.4,2044.58,35.6,47.9,Hazardous (Wear Mask)
2026-03-24 06:03:10 UTC,108,110,30.63,2007.32,35.5,48.1,Hazardous (Wear Mask)
2026-03-24 06:03:20 UTC,109,110,34.73,2041.92,35.5,49.3,Hazardous (Wear Mask)
2026-03-24 06:03:30 UTC,110,110,31.62,2015.31,35.5,49.1,Hazardous (Wear Mask)
2026-03-24 06:03:40 UTC,106,106,34.4,2044.58,35.6,48.5,Hazardous (Wear Mask)
2026-03-24 06:03:50 UTC,106,106,31.18,2012.64,35.5,48.0,Hazardous (Wear Mask)
2026-03-24 06:04:00 UTC,106,107,34.63,2041.92,35.5,48.0,Hazardous (Wear Mask)
2026-03-24 06:04:10 UTC,106,107,31.62,2015.31,35.5,48.7,Hazardous (Wear Mask)
2026-03-24 06:04:20 UTC,106,106,34.4,2039.26,35.6,49.3,Hazardous (Wear Mask)
2026-03-24 06:04:30 UTC,102,103,34.57,2044.58,35.6,48.6,Hazardous (Wear Mask)
2026-03-24 06:04:40 UTC,89,90,31.04,2009.98,35.6,47.6,Hazardous (Wear Mask)
2026-03-24 06:04:50 UTC,73,81,34.63,2041.92,35.6,47.7,Hazardous (Wear Mask)
2026-03-24 06:05:00 UTC,68,79,31.33,2017.96,35.6,47.9,Hazardous (Wear Mask)
2026-03-24 06:05:10 UTC,76,83,34.57,2039.26,35.6,47.5,Hazardous (Wear Mask)
2026-03-24 06:05:20 UTC,96,98,31.04,2012.64,35.5,48.0,Hazardous (Wear Mask)
2026-03-24 06:05:30 UTC,115,119,34.02,2039.26,35.6,47.9,Hazardous (Wear Mask)
2026-03-24 06:05:40 UTC,123,126,30.35,2001.99,35.6,47.9,Hazardous (Wear Mask)
2026-03-24 06:05:50 UTC,132,134,33.92,2033.94,35.6,48.8,Hazardous (Wear Mask)
2026-03-24 06:06:00 UTC,136,138,34.24,2036.59,35.6,49.3,Hazardous (Wear Mask)
2026-03-24 06:06:10 UTC,139,142,34.02,2039.26,35.6,49.4,Hazardous (Wear Mask)
2026-03-24 06:06:20 UTC,139,144,33.17,2031.27,35.6,48.8,Hazardous (Wear Mask)
2026-03-24 06:06:30 UTC,143,146,30.54,2007.32,35.6,49.3,Hazardous (Wear Mask)
2026-03-24 06:06:40 UTC,144,149,34.18,2036.59,35.5,49.8,Hazardous (Wear Mask)
2026-03-24 06:06:50 UTC,146,150,30.98,2012.64,35.6,49.8,Hazardous (Wear Mask)
2026-03-24 06:07:00 UTC,143,147,33.48,2033.94,35.7,49.7,Hazardous (Wear Mask)
2026-03-24 06:07:10 UTC,144,147,31.27,2012.64,35.7,48.9,Hazardous (Wear Mask)
2026-03-24 06:07:20 UTC,143,145,33.48,2033.94,35.7,49.8,Hazardous (Wear Mask)
2026-03-24 06:07:30 UTC,142,145,33.64,2033.94,35.6,49.2,Hazardous (Wear Mask)
2026-03-24 06:07:40 UTC,143,145,33.86,2033.94,35.5,49.3,Hazardous (Wear Mask)
2026-03-24 06:07:50 UTC,143,145,31.39,2012.64,35.4,48.4,Hazardous (Wear Mask)
2026-03-24 06:08:00 UTC,143,145,31.27,2015.31,35.4,48.4,Hazardous (Wear Mask)
2026-03-24 06:08:10 UTC,142,142,34.18,2033.94,35.5,48.9,Hazardous (Wear Mask)
2026-03-24 06:08:20 UTC,140,141,30.54,2009.98,35.5,50.0,Hazardous (Wear Mask)
2026-03-24 06:08:30 UTC,141,142,34.08,2036.59,35.5,51.0,Hazardous (Wear Mask)
2026-03-24 06:08:40 UTC,142,143,31.12,2012.64,35.5,50.4,Hazardous (Wear Mask)
2026-03-24 06:08:50 UTC,142,143,33.8,2039.26,35.5,49.8,Hazardous (Wear Mask)
2026-03-24 06:09:00 UTC,142,142,30.35,2004.65,35.4,49.6,Hazardous (Wear Mask)
2026-03-24 06:09:10 UTC,143,143,34.08,2039.26,35.4,49.4,Hazardous (Wear Mask)
2026-03-24 06:09:20 UTC,144,144,31.18,2012.64,35.5,49.2,Hazardous (Wear Mask)
2026-03-24 06:09:30 UTC,142,143,33.86,2036.59,35.6,49.0,Hazardous (Wear Mask)
2026-03-24 06:09:40 UTC,140,142,33.48,2033.94,35.8,48.6,Hazardous (Wear Mask)
2026-03-24 06:09:50 UTC,141,143,31.12,2012.64,35.9,48.5,Hazardous (Wear Mask)
2026-03-24 06:10:00 UTC,140,141,34.08,2036.59,36.0,49.0,Hazardous (Wear Mask)
2026-03-24 06:10:10 UTC,139,140,30.83,2012.64,36.1,50.1,Hazardous (Wear Mask)
2026-03-24 06:10:20 UTC,143,143,33.92,2041.92,36.1,48.9,Hazardous (Wear Mask)
2026-03-24 06:10:30 UTC,141,141,31.47,2012.64,36.1,47.8,Hazardous (Wear Mask)
2026-03-24 06:10:40 UTC,140,141,34.02,2039.26,36.1,47.0,Hazardous (Wear Mask)
2026-03-24 06:10:50 UTC,143,143,31.27,2012.64,36.1,46.7,Hazardous (Wear Mask)
2026-03-24 06:11:00 UTC,143,143,33.64,2036.59,36.1,46.1,Hazardous (Wear Mask)
2026-03-24 06:11:10 UTC,140,140,34.18,2041.92,36.1,45.8,Hazardous (Wear Mask)
2026-03-24 06:11:20 UTC,143,143,31.04,2012.64,36.0,45.7,Hazardous (Wear Mask)
2026-03-24 06:11:30 UTC,140,141,33.17,2033.94,36.1,45.8,Hazardous (Wear Mask)
2026-03-24 06:11:40 UTC,143,145,31.27,2012.64,36.1,45.6,Hazardous (Wear Mask)
2026-03-24 06:11:50 UTC,144,145,34.08,2041.92,36.1,46.3,Hazardous (Wear Mask)
2026-03-24 06:12:00 UTC,143,144,31.33,2012.64,36.1,47.1,Hazardous (Wear Mask)
2026-03-24 06:12:10 UTC,142,142,34.02,2033.94,36.1,48.5,Hazardous (Wear Mask)
2026-03-24 06:12:20 UTC,143,144,30.54,2009.98,36.1,49.7,Hazardous (Wear Mask)
2026-03-24 06:12:30 UTC,141,143,34.24,2039.26,36.0,49.7,Hazardous (Wear Mask)
2026-03-24 06:12:40 UTC,142,143,34.08,2039.26,36.0,48.3,Hazardous (Wear Mask)
2026-03-24 06:12:50 UTC,142,143,31.33,2012.64,35.9,47.5,Hazardous (Wear Mask)
2026-03-24 06:13:00 UTC,144,145,34.08,2039.26,35.9,47.4,Hazardous (Wear Mask)
2026-03-24 06:13:10 UTC,144,145,30.35,2004.65,35.9,48.1,Hazardous (Wear Mask)
2026-03-24 06:13:20 UTC,143,143,33.8,2033.94,35.9,48.2,Hazardous (Wear Mask)
2026-03-24 06:13:30 UTC,142,145,31.04,2015.31,35.9,48.8,Hazardous (Wear Mask)
2026-03-24 06:13:40 UTC,142,144,33.92,2044.58,35.9,48.4,Hazardous (Wear Mask)
2026-03-24 06:13:50 UTC,142,144,31.47,2015.31,35.8,47.6,Hazardous (Wear Mask)
2026-03-24 06:14:00 UTC,141,143,34.02,2039.26,35.8,47.9,Hazardous (Wear Mask)
2026-03-24 06:14:10 UTC,141,141,34.18,2039.26,35.7,47.7,Hazardous (Wear Mask)
2026-03-24 06:14:20 UTC,142,144,34.02,2041.92,35.6,47.8,Hazardous (Wear Mask)
2026-03-24 06:14:30 UTC,141,144,30.83,2012.64,35.6,47.7,Hazardous (Wear Mask)
2026-03-24 06:14:40 UTC,141,144,30.35,2007.32,35.8,47.6,Hazardous (Wear Mask)
2026-03-24 06:14:50 UTC,142,142,34.02,2041.92,35.9,46.7,Hazardous (Wear Mask)
2026-03-24 06:15:00 UTC,140,140,31.27,2015.31,36.0,46.8,Hazardous (Wear Mask)
2026-03-24 06:15:10 UTC,139,140,33.86,2041.92,36.1,46.3,Hazardous (Wear Mask)
2026-03-24 06:15:20 UTC,140,142,30.54,2009.98,36.2,46.0,Hazardous (Wear Mask)
2026-03-24 06:15:30 UTC,140,142,33.92,2041.92,36.3,46.1,Hazardous (Wear Mask)
2026-03-24 06:15:40 UTC,139,141,31.27,2015.31,36.4,45.5,Hazardous (Wear Mask)
2026-03-24 06:15:50 UTC,140,141,33.86,2036.59,36.6,44.7,Hazardous (Wear Mask)
2026-03-24 06:16:00 UTC,141,142,31.47,2015.31,36.7,44.3,Hazardous (Wear Mask)
2026-03-24 06:16:10 UTC,142,143,31.39,2012.64,36.8,44.7,Hazardous (Wear Mask)
2026-03-24 06:16:20 UTC,143,143,33.86,2033.94,37.0,44.8,Hazardous (Wear Mask)
2026-03-24 06:16:30 UTC,143,143,31.39,2012.64,37.1,45.0,Hazardous (Wear Mask)
2026-03-24 06:16:40 UTC,144,144,34.02,2041.92,37.2,45.4,Hazardous (Wear Mask)
2026-03-24 06:16:50 UTC,146,146,31.39,2012.64,37.2,46.1,Hazardous (Wear Mask)
2026-03-24 06:17:00 UTC,146,146,34.57,2041.92,37.1,46.4,Hazardous (Wear Mask)
2026-03-24 06:17:10 UTC,144,145,31.18,2015.31,37.1,46.6,Hazardous (Wear Mask)
2026-03-24 06:17:20 UTC,144,145,33.48,2033.94,37.2,46.3,Hazardous (Wear Mask)
2026-03-24 06:17:30 UTC,146,148,31.39,2012.64,37.2,45.3,Hazardous (Wear Mask)
2026-03-24 06:17:40 UTC,145,149,34.34,2041.92,37.2,44.6,Hazardous (Wear Mask)
2026-03-24 06:17:50 UTC,145,147,34.08,2036.59,37.2,45.8,Hazardous (Wear Mask)
2026-03-24 06:18:00 UTC,145,149,31.04,2012.64,37.3,46.0,Hazardous (Wear Mask)
2026-03-24 06:18:10 UTC,145,146,34.34,2041.92,37.3,45.1,Hazardous (Wear Mask)
2026-03-24 06:18:20 UTC,146,149,31.04,2012.64,37.4,45.8,Hazardous (Wear Mask)
2026-03-24 06:18:30 UTC,145,147,34.73,2044.58,37.6,45.6,Hazardous (Wear Mask)
2026-03-24 06:18:40 UTC,144,145,31.68,2015.31,37.7,45.5,Hazardous (Wear Mask)
2026-03-24 06:18:50 UTC,135,135,34.5,2041.92,37.9,45.5,Hazardous (Wear Mask)
2026-03-24 06:19:00 UTC,136,136,31.33,2012.64,38.0,45.8,Hazardous (Wear Mask)
2026-03-24 06:19:10 UTC,138,138,34.24,2044.58,38.1,44.5,Hazardous (Wear Mask)
2026-03-24 06:19:20 UTC,142,142,34.57,2039.26,38.2,44.2,Hazardous (Wear Mask)
2026-03-24 06:19:30 UTC,147,148,31.39,2015.31,38.2,43.5,Hazardous (Wear Mask)
2026-03-24 06:19:40 UTC,146,147,34.4,2036.59,38.3,43.0,Hazardous (Wear Mask)
2026-03-24 06:19:50 UTC,151,152,31.53,2017.96,38.4,44.0,Hazardous (Wear Mask)
2026-03-24 06:20:00 UTC,150,152,34.57,2047.24,38.4,42.9,Hazardous (Wear Mask)
2026-03-24 06:20:10 UTC,150,151,31.53,2015.31,38.4,42.4,Hazardous (Wear Mask)
2026-03-24 06:20:20 UTC,152,153,34.24,2041.92,38.4,41.9,Hazardous (Wear Mask)
2026-03-24 06:20:30 UTC,154,154,31.53,2015.31,38.5,42.0,Hazardous (Wear Mask)
2026-03-24 06:20:40 UTC,152,152,34.73,2044.58,38.4,41.9,Hazardous (Wear Mask)
2026-03-24 06:20:50 UTC,155,156,34.4,2041.92,38.4,42.0,Hazardous (Wear Mask)
2026-03-24 06:21:00 UTC,157,157,31.62,2015.31,38.3,41.7,Hazardous (Wear Mask)
2026-03-24 06:21:10 UTC,155,155,30.4,2012.64,38.2,41.9,Hazardous (Wear Mask)
2026-03-24 06:21:20 UTC,154,155,30.83,2012.64,38.2,42.3,Hazardous (Wear Mask)
2026-03-24 06:21:30 UTC,154,157,34.73,2044.58,38.3,42.1,Hazardous (Wear Mask)
2026-03-24 06:21:40 UTC,157,158,31.53,2012.64,38.4,43.8,Hazardous (Wear Mask)
2026-03-24 06:21:50 UTC,158,160,34.57,2041.92,38.5,42.9,Hazardous (Wear Mask)
2026-03-24 06:22:00 UTC,159,160,31.27,2012.64,38.5,42.7,Hazardous (Wear Mask)
2026-03-24 06:22:10 UTC,158,161,34.34,2036.59,38.6,42.0,Hazardous (Wear Mask)
2026-03-24 06:22:20 UTC,157,160,31.12,2015.31,38.5,42.7,Hazardous (Wear Mask)
2026-03-24 06:22:30 UTC,157,159,31.39,2017.96,38.6,42.6,Hazardous (Wear Mask)
2026-03-24 06:22:40 UTC,160,161,31.68,2015.31,38.7,41.9,Hazardous (Wear Mask)
2026-03-24 06:22:50 UTC,160,162,31.39,2012.64,38.7,42.2,Hazardous (Wear Mask)
2026-03-24 06:23:00 UTC,158,160,34.08,2041.92,38.8,41.8,Hazardous (Wear Mask)
2026-03-24 06:23:10 UTC,159,162,31.04,2012.64,38.9,42.2,Hazardous (Wear Mask)
2026-03-24 06:23:20 UTC,160,162,34.24,2041.92,39.0,41.7,Hazardous (Wear Mask)
2026-03-24 06:23:30 UTC,159,162,30.54,2009.98,39.0,41.1,Hazardous (Wear Mask)
2026-03-24 06:23:40 UTC,161,162,34.73,2041.92,39.0,40.5,Hazardous (Wear Mask)
2026-03-24 06:23:50 UTC,157,158,31.98,2015.31,39.1,40.6,Hazardous (Wear Mask)
2026-03-24 06:24:00 UTC,156,157,34.24,2039.26,39.2,40.4,Hazardous (Wear Mask)
2026-03-24 06:24:10 UTC,158,158,31.12,2007.32,39.4,39.8,Hazardous (Wear Mask)
2026-03-24 06:24:20 UTC,157,158,31.68,2015.31,39.5,39.7,Hazardous (Wear Mask)
2026-03-24 06:24:30 UTC,154,156,34.96,2041.92,39.6,39.7,Hazardous (Wear Mask)
2026-03-24 06:24:40 UTC,157,158,31.83,2012.64,39.7,39.1,Hazardous (Wear Mask)
2026-03-24 06:24:50 UTC,158,158,35.06,2047.24,39.8,38.8,Hazardous (Wear Mask)
2026-03-24 06:25:00 UTC,155,156,31.39,2012.64,39.9,38.9,Hazardous (Wear Mask)
2026-03-24 06:25:10 UTC,154,156,34.79,2047.24,39.9,39.0,Hazardous (Wear Mask)
2026-03-24 06:25:20 UTC,156,158,31.47,2012.64,40.0,38.9,Hazardous (Wear Mask)
2026-03-24 06:25:30 UTC,156,157,35.12,2047.24,40.0,40.1,Hazardous (Wear Mask)
2026-03-24 06:25:40 UTC,156,157,31.92,2015.31,40.0,40.0,Hazardous (Wear Mask)
2026-03-24 06:25:50 UTC,158,158,31.47,2012.64,39.8,40.1,Hazardous (Wear Mask)
2026-03-24 06:26:00 UTC,159,161,34.89,2041.92,39.6,40.0,Hazardous (Wear Mask)
2026-03-24 06:26:10 UTC,160,160,31.83,2020.63,39.4,40.1,Hazardous (Wear Mask)
2026-03-24 06:26:20 UTC,158,158,34.89,2047.24,39.3,40.5,Hazardous (Wear Mask)
2026-03-24 06:26:30 UTC,157,158,31.62,2012.64,39.1,40.4,Hazardous (Wear Mask)
2026-03-24 06:26:40 UTC,161,163,33.8,2039.26,39.1,40.8,Hazardous (Wear Mask)
2026-03-24 06:26:50 UTC,158,160,30.49,2004.65,39.1,40.8,Hazardous (Wear Mask)
2026-03-24 06:27:00 UTC,158,158,34.34,2039.26,39.1,41.1,Hazardous (Wear Mask)
2026-03-24 06:27:10 UTC,158,158,30.83,2012.64,39.1,41.2,Hazardous (Wear Mask)
2026-03-24 06:27:20 UTC,157,158,33.92,2033.94,39.1,41.3,Hazardous (Wear Mask)
2026-03-24 06:27:30 UTC,160,161,33.86,2036.59,39.1,41.4,Hazardous (Wear Mask)
2026-03-24 06:27:40 UTC,160,161,30.4,2004.65,39.2,41.1,Hazardous (Wear Mask)
2026-03-24 06:27:50 UTC,158,159,33.86,2033.94,39.3,40.9,Hazardous (Wear Mask)
2026-03-24 06:28:00 UTC,156,157,31.68,2015.31,39.2,40.8,Hazardous (Wear Mask)
2026-03-24 06:28:10 UTC,156,156,34.79,2044.58,39.1,40.6,Hazardous (Wear Mask)
2026-03-24 06:28:20 UTC,155,157,30.98,2009.98,39.1,41.8,Hazardous (Wear Mask)
2026-03-24 06:28:30 UTC,155,156,34.57,2044.58,39.1,41.7,Hazardous (Wear Mask)
2026-03-24 06:28:40 UTC,156,156,31.68,2017.96,39.3,41.4,Hazardous (Wear Mask)
2026-03-24 06:28:50 UTC,155,156,34.63,2044.58,39.5,41.5,Hazardous (Wear Mask)
2026-03-24 06:29:00 UTC,154,155,34.73,2044.58,39.6,41.8,Hazardous (Wear Mask)
2026-03-24 06:29:10 UTC,155,157,31.04,2009.98,39.6,41.1,Hazardous (Wear Mask)
2026-03-24 06:29:20 UTC,156,156,31.53,2015.31,39.5,39.9,Hazardous (Wear Mask)
2026-03-24 06:29:30 UTC,157,158,31.53,2012.64,39.3,39.7,Hazardous (Wear Mask)
2026-03-24 06:29:40 UTC,157,157,34.96,2047.24,39.3,40.0,Hazardous (Wear Mask)
2026-03-24 06:29:50 UTC,157,157,31.68,2017.96,39.4,40.3,Hazardous (Wear Mask)
2026-03-24 06:30:00 UTC,157,159,35.12,2049.91,39.4,40.2,Hazardous (Wear Mask)
2026-03-24 06:30:10 UTC,158,159,31.33,2012.64,39.4,40.1,Hazardous (Wear Mask)
2026-03-24 06:30:20 UTC,159,160,35.12,2052.57,39.5,39.8,Hazardous (Wear Mask)
2026-03-24 06:30:30 UTC,158,158,32.19,2023.29,39.6,39.6,Hazardous (Wear Mask)
2026-03-24 06:30:40 UTC,159,159,31.98,2020.63,39.7,39.3,Hazardous (Wear Mask)
2026-03-24 06:30:50 UTC,159,161,31.53,2015.31,39.8,39.2,Hazardous (Wear Mask)
2026-03-24 06:31:00 UTC,158,159,32.13,2020.63,39.6,38.5,Hazardous (Wear Mask)
2026-03-24 06:31:10 UTC,159,160,35.22,2052.57,39.5,38.7,Hazardous (Wear Mask)
2026-03-24 06:31:20 UTC,157,157,31.98,2023.29,39.1,39.2,Hazardous (Wear Mask)
2026-03-24 06:31:30 UTC,155,156,35.06,2047.24,39.1,39.3,Hazardous (Wear Mask)
2026-03-24 06:31:40 UTC,155,158,32.19,2023.29,39.1,39.4,Hazardous (Wear Mask)
2026-03-24 06:31:50 UTC,155,157,35.22,2052.57,39.2,39.6,Hazardous (Wear Mask)
2026-03-24 06:32:00 UTC,155,156,31.83,2020.63,39.2,39.8,Hazardous (Wear Mask)
2026-03-24 06:32:10 UTC,153,155,35.22,2052.57,39.3,40.0,Hazardous (Wear Mask)
2026-03-24 06:32:20 UTC,152,154,31.83,2023.29,39.4,39.4,Hazardous (Wear Mask)
2026-03-24 06:32:30 UTC,151,155,32.34,2020.63,39.5,39.4,Hazardous (Wear Mask)
2026-03-24 06:32:40 UTC,152,154,35.12,2049.91,39.5,39.4,Hazardous (Wear Mask)
2026-03-24 06:32:50 UTC,150,152,32.19,2020.63,39.6,39.1,Hazardous (Wear Mask)
2026-03-24 06:33:00 UTC,152,153,34.63,2041.92,39.7,39.2,Hazardous (Wear Mask)
2026-03-24 06:33:10 UTC,150,151,31.92,2020.63,39.7,39.3,Hazardous (Wear Mask)
2026-03-24 06:33:20 UTC,150,151,35.35,2049.91,39.7,39.2,Hazardous (Wear Mask)
2026-03-24 06:33:30 UTC,151,153,32.04,2020.63,39.8,38.3,Hazardous (Wear Mask)
2026-03-24 06:33:40 UTC,149,151,35.22,2052.57,40.0,38.1,Hazardous (Wear Mask)
2026-03-24 06:33:50 UTC,152,153,32.13,2020.63,40.1,38.1,Hazardous (Wear Mask)
2026-03-24 06:34:00 UTC,154,156,35.12,2047.24,40.2,38.1,Hazardous (Wear Mask)
2026-03-24 06:34:10 UTC,151,153,35.22,2049.91,40.3,38.2,Hazardous (Wear Mask)
2026-03-24 06:34:20 UTC,151,153,32.34,2020.63,40.4,38.5,Hazardous (Wear Mask)
2026-03-24 06:34:30 UTC,151,152,35.12,2047.24,40.4,38.2,Hazardous (Wear Mask)
2026-03-24 06:34:40 UTC,152,153,32.04,2020.63,40.4,38.1,Hazardous (Wear Mask)
2026-03-24 06:34:50 UTC,152,153,35.22,2044.58,40.3,38.3,Hazardous (Wear Mask)
2026-03-24 06:35:00 UTC,152,153,32.49,2025.95,40.2,38.3,Hazardous (Wear Mask)
2026-03-24 06:35:10 UTC,157,158,35.52,2055.23,40.2,38.5,Hazardous (Wear Mask)
2026-03-24 06:35:20 UTC,154,154,32.13,2023.29,40.2,38.7,Hazardous (Wear Mask)
2026-03-24 06:35:30 UTC,155,156,35.12,2047.24,40.2,38.5,Hazardous (Wear Mask)
2026-03-24 06:35:40 UTC,154,156,35.45,2052.57,40.3,38.8,Hazardous (Wear Mask)
2026-03-24 06:35:50 UTC,150,150,32.65,2025.95,40.4,38.4,Hazardous (Wear Mask)
2026-03-24 06:36:00 UTC,151,152,36.02,2055.23,40.2,38.2,Hazardous (Wear Mask)
2026-03-24 06:36:10 UTC,149,153,32.65,2025.95,40.1,38.2,Hazardous (Wear Mask)
2026-03-24 06:36:20 UTC,150,152,36.02,2055.23,40.1,38.3,Hazardous (Wear Mask)
2026-03-24 06:36:30 UTC,151,151,32.65,2028.61,40.2,38.4,Hazardous (Wear Mask)
2026-03-24 06:36:40 UTC,151,152,36.36,2055.23,40.3,38.4,Hazardous (Wear Mask)
2026-03-24 06:36:50 UTC,148,151,32.95,2031.27,40.3,38.2,Hazardous (Wear Mask)
2026-03-24 06:37:00 UTC,151,153,36.36,2055.23,40.3,38.2,Hazardous (Wear Mask)
2026-03-24 06:37:10 UTC,151,154,32.65,2023.29,40.4,38.2,Hazardous (Wear Mask)
2026-03-24 06:37:20 UTC,151,153,32.65,2028.61,40.5,37.9,Hazardous (Wear Mask)
2026-03-24 06:37:30 UTC,151,154,33.11,2031.27,40.6,37.8,Hazardous (Wear Mask)
2026-03-24 06:37:40 UTC,153,155,33.02,2028.61,40.7,37.5,Hazardous (Wear Mask)
2026-03-24 06:37:50 UTC,150,153,37.02,2063.22,40.8,37.5,Hazardous (Wear Mask)
2026-03-24 06:38:00 UTC,153,153,32.8,2028.61,40.8,37.4,Hazardous (Wear Mask)
2026-03-24 06:38:10 UTC,150,151,36.67,2060.55,40.8,36.7,Hazardous (Wear Mask)
2026-03-24 06:38:20 UTC,152,153,33.02,2031.27,40.9,36.9,Hazardous (Wear Mask)
2026-03-24 06:38:30 UTC,151,153,36.67,2063.22,41.0,37.8,Hazardous (Wear Mask)
2026-03-24 06:38:40 UTC,153,153,32.49,2023.29,41.0,37.6,Hazardous (Wear Mask)
2026-03-24 06:38:50 UTC,154,155,33.7,2031.27,40.9,37.6,Hazardous (Wear Mask)
2026-03-24 06:39:00 UTC,154,155,32.86,2031.27,40.7,37.8,Hazardous (Wear Mask)
2026-03-24 06:39:10 UTC,158,159,33.7,2033.94,40.6,38.1,Hazardous (Wear Mask)
2026-03-24 06:39:20 UTC,154,154,36.95,2065.88,40.5,38.0,Hazardous (Wear Mask)
2026-03-24 06:39:30 UTC,154,155,33.11,2033.94,40.3,38.1,Hazardous (Wear Mask)
2026-03-24 06:39:40 UTC,153,154,36.95,2060.55,40.2,38.6,Hazardous (Wear Mask)
2026-03-24 06:39:50 UTC,155,155,33.8,2036.59,40.2,38.8,Hazardous (Wear Mask)
2026-03-24 06:40:00 UTC,155,156,36.6,2057.89,40.3,37.6,Hazardous (Wear Mask)
2026-03-24 06:40:10 UTC,153,153,33.02,2028.61,40.4,37.5,Hazardous (Wear Mask)
2026-03-24 06:40:20 UTC,153,154,36.77,2060.55,40.5,37.9,Hazardous (Wear Mask)
2026-03-24 06:40:30 UTC,154,155,32.43,2025.95,40.4,37.9,Hazardous (Wear Mask)
2026-03-24 06:40:40 UTC,151,153,32.43,2025.95,40.2,38.1,Hazardous (Wear Mask)
2026-03-24 06:40:50 UTC,152,153,36.84,2065.88,40.1,38.4,Hazardous (Wear Mask)
2026-03-24 06:41:00 UTC,151,153,33.39,2033.94,40.1,38.5,Hazardous (Wear Mask)
2026-03-24 06:41:10 UTC,151,153,37.19,2063.22,40.2,38.5,Hazardous (Wear Mask)
2026-03-24 06:41:20 UTC,152,152,33.17,2033.94,40.2,38.5,Hazardous (Wear Mask)
2026-03-24 06:41:30 UTC,152,154,36.6,2060.55,40.2,38.2,Hazardous (Wear Mask)
2026-03-24 06:41:40 UTC,155,157,33.17,2031.27,40.2,38.3,Hazardous (Wear Mask)
2026-03-24 06:41:50 UTC,152,153,36.95,2063.22,40.2,38.2,Hazardous (Wear Mask)
2026-03-24 06:42:00 UTC,156,157,32.8,2028.61,40.2,38.2,Hazardous (Wear Mask)
2026-03-24 06:42:10 UTC,153,153,37.02,2063.22,40.2,38.3,Hazardous (Wear Mask)
2026-03-24 06:42:20 UTC,155,155,36.26,2060.55,40.2,38.3,Hazardous (Wear Mask)
2026-03-24 06:42:30 UTC,155,156,33.23,2033.94,40.2,38.4,Hazardous (Wear Mask)
2026-03-24 06:42:40 UTC,154,155,36.19,2055.23,40.3,38.3,Hazardous (Wear Mask)
2026-03-24 06:42:50 UTC,154,155,33.48,2033.94,40.4,38.2,Hazardous (Wear Mask)
2026-03-24 06:43:00 UTC,156,157,36.67,2063.22,40.5,38.1,Hazardous (Wear Mask)
2026-03-24 06:43:10 UTC,154,156,33.11,2033.94,40.6,37.8,Hazardous (Wear Mask)
2026-03-24 06:43:20 UTC,155,158,36.77,2060.55,40.7,37.6,Hazardous (Wear Mask)
2026-03-24 06:43:30 UTC,154,156,33.48,2036.59,40.7,37.6,Hazardous (Wear Mask)
2026-03-24 06:43:40 UTC,153,155,33.17,2033.94,40.7,38.6,Hazardous (Wear Mask)
2026-03-24 06:43:50 UTC,156,156,38.22,2060.55,40.7,38.4,Hazardous (Wear Mask)
2026-03-24 06:44:00 UTC,156,157,34.08,2039.26,40.6,38.0,Hazardous (Wear Mask)
2026-03-24 06:44:10 UTC,154,155,37.97,2073.87,40.3,38.0,Hazardous (Wear Mask)
2026-03-24 06:44:20 UTC,153,155,33.11,2033.94,40.2,38.1,Hazardous (Wear Mask)
2026-03-24 06:44:30 UTC,154,156,37.79,2073.87,40.2,38.0,Hazardous (Wear Mask)
2026-03-24 06:44:40 UTC,153,155,34.02,2044.58,40.2,38.1,Hazardous (Wear Mask)
2026-03-24 06:44:50 UTC,152,154,37.44,2068.54,40.2,38.2,Hazardous (Wear Mask)
2026-03-24 06:45:00 UTC,154,158,34.08,2039.26,40.2,37.8,Hazardous (Wear Mask)
2026-03-24 06:45:10 UTC,154,155,37.79,2073.87,40.1,37.7,Hazardous (Wear Mask)
2026-03-24 06:45:20 UTC,155,155,37.19,2073.87,40.2,37.7,Hazardous (Wear Mask)
2026-03-24 06:45:30 UTC,154,154,37.72,2068.54,40.1,37.9,Hazardous (Wear Mask)
2026-03-24 06:45:40 UTC,152,153,33.92,2039.26,40.1,38.1,Hazardous (Wear Mask)
2026-03-24 06:45:50 UTC,153,154,32.95,2031.27,40.1,37.9,Hazardous (Wear Mask)
2026-03-24 06:46:00 UTC,154,155,37.29,2063.22,40.1,38.1,Hazardous (Wear Mask)
2026-03-24 06:46:10 UTC,153,154,34.24,2041.92,40.2,38.0,Hazardous (Wear Mask)
2026-03-24 06:46:20 UTC,153,154,37.29,2068.54,40.1,38.2,Hazardous (Wear Mask)
2026-03-24 06:46:30 UTC,153,154,34.18,2039.26,40.1,38.1,Hazardous (Wear Mask)
2026-03-24 06:46:40 UTC,153,153,37.97,2073.87,40.0,38.1,Hazardous (Wear Mask)
2026-03-24 06:46:50 UTC,153,153,33.48,2033.94,39.9,38.4,Hazardous (Wear Mask)
2026-03-24 06:47:00 UTC,152,152,37.79,2073.87,39.7,38.2,Hazardous (Wear Mask)
2026-03-24 06:47:10 UTC,154,154,34.02,2039.26,39.7,38.0,Hazardous (Wear Mask)
2026-03-24 06:47:20 UTC,150,152,32.49,2028.61,39.6,38.0,Hazardous (Wear Mask)
2026-03-24 06:47:30 UTC,150,152,37.79,2071.2,39.6,37.9,Hazardous (Wear Mask)
2026-03-24 06:47:40 UTC,151,152,34.08,2039.26,39.5,38.4,Hazardous (Wear Mask)
2026-03-24 06:47:50 UTC,151,151,36.77,2063.22,39.4,38.3,Hazardous (Wear Mask)
2026-03-24 06:48:00 UTC,149,149,33.92,2041.92,39.3,38.6,Hazardous (Wear Mask)
2026-03-24 06:48:10 UTC,151,152,37.37,2065.88,39.3,38.8,Hazardous (Wear Mask)
2026-03-24 06:48:20 UTC,149,151,33.48,2033.94,39.2,38.8,Hazardous (Wear Mask)
2026-03-24 06:48:30 UTC,150,150,37.79,2073.87,39.2,38.7,Hazardous (Wear Mask)
2026-03-24 06:48:40 UTC,148,148,33.54,2036.59,39.3,38.7,Hazardous (Wear Mask)
2026-03-24 06:48:50 UTC,150,150,36.84,2063.22,39.2,38.5,Hazardous (Wear Mask)
2026-03-24 06:49:00 UTC,149,151,36.84,2063.22,39.2,38.5,Hazardous (Wear Mask)
2026-03-24 06:49:10 UTC,149,151,33.33,2028.61,39.3,38.6,Hazardous (Wear Mask)
2026-03-24 06:49:20 UTC,151,151,37.29,2084.51,39.4,38.6,Hazardous (Wear Mask)
2026-03-24 06:49:30 UTC,152,154,33.8,2036.59,39.3,38.6,Hazardous (Wear Mask)
2026-03-24 06:49:40 UTC,151,152,37.29,2065.88,39.4,38.6,Hazardous (Wear Mask)
2026-03-24 06:49:50 UTC,150,152,33.54,2033.94,39.4,38.6,Hazardous (Wear Mask)
2026-03-24 06:50:00 UTC,150,151,37.79,2068.54,39.3,38.7,Hazardous (Wear Mask)
2026-03-24 06:50:10 UTC,149,150,34.24,2041.92,39.3,39.1,Hazardous (Wear Mask)
2026-03-24 06:50:20 UTC,150,151,36.43,2060.55,39.4,39.3,Hazardous (Wear Mask)
2026-03-24 06:50:30 UTC,149,151,37.79,2073.87,39.4,39.5,Hazardous (Wear Mask)
2026-03-24 06:50:40 UTC,149,150,34.02,2036.59,39.4,39.3,Hazardous (Wear Mask)
2026-03-24 06:50:50 UTC,153,154,37.89,2071.2,39.3,39.4,Hazardous (Wear Mask)
2026-03-24 06:51:00 UTC,149,150,33.8,2039.26,39.3,40.6,Hazardous (Wear Mask)
2026-03-24 06:51:10 UTC,149,151,37.79,2071.2,39.2,39.9,Hazardous (Wear Mask)
2026-03-24 06:51:20 UTC,150,151,33.86,2039.26,39.2,40.4,Hazardous (Wear Mask)
2026-03-24 06:51:30 UTC,148,149,37.89,2071.2,39.2,41.4,Hazardous (Wear Mask)
2026-03-24 06:51:40 UTC,152,153,34.24,2036.59,39.3,41.6,Hazardous (Wear Mask)
2026-03-24 06:51:50 UTC,149,150,37.79,2071.2,39.4,42.3,Hazardous (Wear Mask)
2026-03-24 06:52:00 UTC,149,150,37.61,2065.88,39.4,42.0,Hazardous (Wear Mask)
2026-03-24 06:52:10 UTC,150,151,33.86,2033.94,39.5,42.1,Hazardous (Wear Mask)
2026-03-24 06:52:20 UTC,148,149,37.19,2063.22,39.6,40.9,Hazardous (Wear Mask)
2026-03-24 06:52:30 UTC,149,151,33.86,2033.94,39.7,40.3,Hazardous (Wear Mask)
2026-03-24 06:52:40 UTC,149,150,37.79,2073.87,39.7,39.4,Hazardous (Wear Mask)
2026-03-24 06:52:50 UTC,151,151,32.86,2033.94,39.8,39.1,Hazardous (Wear Mask)
2026-03-24 06:53:00 UTC,150,151,37.97,2071.2,39.7,38.8,Hazardous (Wear Mask)
2026-03-24 06:53:10 UTC,153,153,34.79,2039.26,39.6,38.6,Hazardous (Wear Mask)
2026-03-24 06:53:20 UTC,152,153,37.79,2073.87,39.6,38.7,Hazardous (Wear Mask)
2026-03-24 06:53:30 UTC,151,152,34.4,2041.92,39.7,38.6,Hazardous (Wear Mask)
2026-03-24 06:53:40 UTC,151,152,37.44,2068.54,39.7,38.6,Hazardous (Wear Mask)
2026-03-24 06:53:50 UTC,151,152,33.02,2033.94,39.8,38.6,Hazardous (Wear Mask)
2026-03-24 06:54:00 UTC,152,152,33.86,2036.59,39.8,38.5,Hazardous (Wear Mask)
2026-03-24 06:54:10 UTC,150,151,37.79,2068.54,39.9,38.4,Hazardous (Wear Mask)
2026-03-24 06:54:20 UTC,150,151,34.08,2036.59,39.9,38.5,Hazardous (Wear Mask)
2026-03-24 06:54:30 UTC,151,153,37.79,2068.54,40.0,38.2,Hazardous (Wear Mask)
2026-03-24 06:54:40 UTC,154,156,33.86,2039.26,40.0,38.2,Hazardous (Wear Mask)
2026-03-24 06:54:50 UTC,153,155,37.72,2071.2,39.9,38.2,Hazardous (Wear Mask)
2026-03-24 06:55:00 UTC,152,155,33.86,2036.59,39.7,38.0,Hazardous (Wear Mask)
2026-03-24 06:55:10 UTC,151,153,37.61,2063.22,39.5,38.2,Hazardous (Wear Mask)
2026-03-24 06:55:20 UTC,152,153,32.71,2033.94,39.3,38.4,Hazardous (Wear Mask)
2026-03-24 06:55:30 UTC,154,155,38.07,2071.2,39.1,38.7,Hazardous (Wear Mask)
2026-03-24 06:55:40 UTC,153,156,37.79,2068.54,39.1,39.1,Hazardous (Wear Mask)
2026-03-24 06:55:50 UTC,150,153,33.64,2039.26,39.2,39.1,Hazardous (Wear Mask)
2026-03-24 06:56:00 UTC,150,152,37.79,2071.2,39.3,39.2,Hazardous (Wear Mask)
2026-03-24 06:56:10 UTC,151,153,34.02,2036.59,39.4,39.1,Hazardous (Wear Mask)
2026-03-24 06:56:20 UTC,151,152,36.95,2063.22,39.5,39.0,Hazardous (Wear Mask)
2026-03-24 06:56:30 UTC,151,152,34.02,2033.94,39.6,38.9,Hazardous (Wear Mask)
2026-03-24 06:56:40 UTC,151,154,37.72,2068.54,39.6,38.8,Hazardous (Wear Mask)
2026-03-24 06:56:50 UTC,152,154,33.17,2033.94,39.3,39.1,Hazardous (Wear Mask)
2026-03-24 06:57:00 UTC,150,152,37.54,2071.2,39.2,39.5,Hazardous (Wear Mask)
2026-03-24 06:57:10 UTC,149,152,37.79,2071.2,39.2,39.8,Hazardous (Wear Mask)
2026-03-24 06:57:20 UTC,150,151,33.7,2033.94,39.2,39.7,Hazardous (Wear Mask)
2026-03-24 06:57:30 UTC,148,149,37.79,2068.54,39.4,39.5,Hazardous (Wear Mask)
2026-03-24 06:57:40 UTC,146,149,33.48,2031.27,39.5,39.4,Hazardous (Wear Mask)
2026-03-24 06:57:50 UTC,149,151,36.6,2065.88,39.4,39.3,Hazardous (Wear Mask)
2026-03-24 06:58:00 UTC,149,150,34.02,2036.59,39.4,39.1,Hazardous (Wear Mask)
2026-03-24 06:58:10 UTC,148,149,37.79,2071.2,39.5,39.4,Hazardous (Wear Mask)
2026-03-24 06:58:20 UTC,149,149,33.64,2033.94,39.5,39.1,Hazardous (Wear Mask)
2026-03-24 06:58:30 UTC,148,149,37.79,2068.54,39.6,38.3,Hazardous (Wear Mask)
2026-03-24 06:58:40 UTC,146,147,37.79,2071.2,39.7,37.8,Hazardous (Wear Mask)
2026-03-24 06:58:50 UTC,148,148,34.18,2039.26,39.7,37.9,Hazardous (Wear Mask)
2026-03-24 06:59:00 UTC,147,147,36.67,2060.55,39.7,38.8,Hazardous (Wear Mask)
2026-03-24 06:59:10 UTC,149,150,33.86,2033.94,39.8,38.7,Hazardous (Wear Mask)
2026-03-24 06:59:20 UTC,147,147,37.79,2068.54,39.7,38.9,Hazardous (Wear Mask)
2026-03-24 06:59:30 UTC,146,147,34.18,2036.59,39.6,39.0,Hazardous (Wear Mask)
2026-03-24 06:59:40 UTC,147,148,37.79,2073.87,39.7,38.9,Hazardous (Wear Mask)
2026-03-24 06:59:50 UTC,147,148,33.23,2036.59,39.8,39.0,Hazardous (Wear Mask)
2026-03-24 07:00:00 UTC,146,148,37.97,2073.87,39.8,39.1,Hazardous (Wear Mask)
2026-03-24 07:00:10 UTC,149,149,38.4,2068.54,39.9,38.7,Hazardous (Wear Mask)
2026-03-24 07:00:20 UTC,149,150,33.86,2039.26,39.9,40.9,Hazardous (Wear Mask)
2026-03-24 07:00:30 UTC,149,151,34.08,2036.59,39.8,40.4,Hazardous (Wear Mask)
2026-03-24 07:00:40 UTC,153,154,33.64,2033.94,39.8,39.5,Hazardous (Wear Mask)
2026-03-24 07:00:50 UTC,153,154,37.72,2068.54,39.8,39.1,Hazardous (Wear Mask)
2026-03-24 07:01:00 UTC,153,153,33.86,2036.59,39.8,39.2,Hazardous (Wear Mask)
2026-03-24 07:01:10 UTC,152,152,37.79,2068.54,39.7,39.5,Hazardous (Wear Mask)
2026-03-24 07:01:20 UTC,150,151,33.92,2039.26,39.6,39.4,Hazardous (Wear Mask)
2026-03-24 07:01:30 UTC,153,153,37.79,2068.54,39.6,39.4,Hazardous (Wear Mask)
2026-03-24 07:01:40 UTC,151,152,33.7,2033.94,39.6,40.0,Hazardous (Wear Mask)
2026-03-24 07:01:50 UTC,150,151,37.37,2065.88,39.7,40.7,Hazardous (Wear Mask)
2026-03-24 07:02:00 UTC,150,151,33.39,2033.94,39.7,40.4,Hazardous (Wear Mask)
2026-03-24 07:02:10 UTC,149,149,33.92,2036.59,39.7,40.1,Hazardous (Wear Mask)
2026-03-24 07:02:20 UTC,152,152,37.79,2068.54,39.5,40.2,Hazardous (Wear Mask)
2026-03-24 07:02:30 UTC,152,152,33.7,2033.94,39.5,40.2,Hazardous (Wear Mask)
2026-03-24 07:02:40 UTC,150,152,37.61,2068.54,39.6,40.1,Hazardous (Wear Mask)
2026-03-24 07:02:50 UTC,150,151,33.86,2036.59,39.7,39.4,Hazardous (Wear Mask)
2026-03-24 07:03:00 UTC,150,151,36.67,2063.22,39.8,39.0,Hazardous (Wear Mask)
2026-03-24 07:03:10 UTC,150,153,33.02,2031.27,39.8,38.8,Hazardous (Wear Mask)
2026-03-24 07:03:20 UTC,149,151,37.72,2068.54,39.7,39.0,Hazardous (Wear Mask)
2026-03-24 07:03:30 UTC,151,154,33.92,2033.94,39.7,39.0,Hazardous (Wear Mask)
2026-03-24 07:03:40 UTC,149,151,34.08,2044.58,39.8,38.9,Hazardous (Wear Mask)
2026-03-24 07:03:50 UTC,148,149,37.79,2068.54,39.8,39.0,Hazardous (Wear Mask)
2026-03-24 07:04:00 UTC,150,150,32.65,2031.27,39.8,39.0,Hazardous (Wear Mask)
2026-03-24 07:04:10 UTC,149,149,36.84,2063.22,39.8,38.8,Hazardous (Wear Mask)
2026-03-24 07:04:20 UTC,150,150,33.8,2039.26,39.7,38.9,Hazardous (Wear Mask)
2026-03-24 07:04:30 UTC,147,148,37.79,2065.88,39.8,38.9,Hazardous (Wear Mask)
2026-03-24 07:04:40 UTC,148,148,33.39,2033.94,39.9,38.8,Hazardous (Wear Mask)
2026-03-24 07:04:50 UTC,149,149,37.44,2068.54,39.9,38.7,Hazardous (Wear Mask)
2026-03-24 07:05:00 UTC,149,149,33.7,2033.94,39.9,38.5,Hazardous (Wear Mask)
2026-03-24 07:05:10 UTC,149,149,37.61,2071.2,39.9,38.6,Hazardous (Wear Mask)
2026-03-24 07:05:20 UTC,149,149,37.29,2063.22,39.9,38.6,Hazardous (Wear Mask)
2026-03-24 07:05:30 UTC,151,152,34.18,2039.26,39.9,38.6,Hazardous (Wear Mask)
2026-03-24 07:05:40 UTC,149,150,37.79,2068.54,39.9,38.7,Hazardous (Wear Mask)
2026-03-24 07:05:50 UTC,149,149,33.86,2036.59,39.9,38.7,Hazardous (Wear Mask)
2026-03-24 07:06:00 UTC,149,149,37.79,2071.2,39.9,38.8,Hazardous (Wear Mask)
2026-03-24 07:06:10 UTC,150,150,33.86,2036.59,40.0,38.8,Hazardous (Wear Mask)
2026-03-24 07:06:20 UTC,148,149,37.54,2065.88,40.0,38.6,Hazardous (Wear Mask)
2026-03-24 07:06:30 UTC,150,150,33.48,2033.94,40.0,38.7,Hazardous (Wear Mask)
2026-03-24 07:06:40 UTC,149,149,37.79,2071.2,40.0,38.6,Hazardous (Wear Mask)
2026-03-24 07:06:50 UTC,151,151,37.61,2065.88,40.1,38.0,Hazardous (Wear Mask)
2026-03-24 07:07:00 UTC,151,153,32.8,2028.61,40.1,38.0,Hazardous (Wear Mask)
2026-03-24 07:07:10 UTC,148,149,37.37,2063.22,40.0,38.1,Hazardous (Wear Mask)
2026-03-24 07:07:20 UTC,150,151,32.8,2033.94,39.9,38.3,Hazardous (Wear Mask)
2026-03-24 07:07:30 UTC,149,149,37.54,2071.2,39.9,38.4,Hazardous (Wear Mask)
2026-03-24 07:07:40 UTC,150,150,33.48,2033.94,39.7,38.5,Hazardous (Wear Mask)
2026-03-24 07:07:50 UTC,149,149,37.79,2065.88,39.7,38.7,Hazardous (Wear Mask)
2026-03-24 07:08:00 UTC,151,151,33.8,2036.59,39.6,38.7,Hazardous (Wear Mask)
2026-03-24 07:08:10 UTC,150,151,37.61,2063.22,39.7,38.8,Hazardous (Wear Mask)
2026-03-24 07:08:20 UTC,147,148,37.19,2065.88,39.6,38.8,Hazardous (Wear Mask)
2026-03-24 07:08:30 UTC,149,150,36.36,2060.55,39.5,39.1,Hazardous (Wear Mask)
2026-03-24 07:08:40 UTC,149,150,33.7,2036.59,39.5,39.4,Hazardous (Wear Mask)
2026-03-24 07:08:50 UTC,148,148,33.86,2036.59,39.5,39.2,Hazardous (Wear Mask)
2026-03-24 07:09:00 UTC,150,151,37.61,2068.54,39.5,39.1,Hazardous (Wear Mask)
2026-03-24 07:09:10 UTC,149,150,33.8,2036.59,39.4,39.0,Hazardous (Wear Mask)
2026-03-24 07:09:20 UTC,149,151,37.29,2065.88,39.4,39.0,Hazardous (Wear Mask)
2026-03-24 07:09:30 UTC,147,149,33.39,2036.59,39.4,39.2,Hazardous (Wear Mask)
2026-03-24 07:09:40 UTC,147,148,37.72,2065.88,39.3,39.3,Hazardous (Wear Mask)
2026-03-24 07:09:50 UTC,150,151,33.8,2033.94,39.3,39.4,Hazardous (Wear Mask)
2026-03-24 07:10:00 UTC,147,150,37.44,2068.54,39.4,39.4,Hazardous (Wear Mask)
2026-03-24 07:10:10 UTC,146,147,33.8,2036.59,39.4,39.2,Hazardous (Wear Mask)
2026-03-24 07:10:20 UTC,149,150,33.11,2028.61,39.4,39.4,Hazardous (Wear Mask)
2026-03-24 07:10:30 UTC,150,150,36.67,2057.89,39.5,39.3,Hazardous (Wear Mask)
2026-03-24 07:10:40 UTC,148,148,33.7,2036.59,39.5,39.4,Hazardous (Wear Mask)
2026-03-24 07:10:50 UTC,150,151,37.02,2063.22,39.5,39.5,Hazardous (Wear Mask)
2026-03-24 07:11:00 UTC,147,149,32.95,2031.27,39.6,39.7,Hazardous (Wear Mask)
2026-03-24 07:11:10 UTC,149,150,37.79,2065.88,39.6,39.5,Hazardous (Wear Mask)
2026-03-24 07:11:20 UTC,149,150,33.86,2036.59,39.6,38.7,Hazardous (Wear Mask)
2026-03-24 07:11:30 UTC,149,151,37.54,2068.54,39.7,39.1,Hazardous (Wear Mask)
2026-03-24 07:11:40 UTC,149,151,33.8,2033.94,39.8,40.2,Hazardous (Wear Mask)
2026-03-24 07:11:50 UTC,148,150,37.37,2065.88,39.9,39.2,Hazardous (Wear Mask)
2026-03-24 07:12:00 UTC,149,150,36.84,2063.22,39.9,39.0,Hazardous (Wear Mask)
2026-03-24 07:12:10 UTC,149,151,33.39,2028.61,39.9,38.8,Hazardous (Wear Mask)
2026-03-24 07:12:20 UTC,152,153,37.29,2065.88,40.0,38.7,Hazardous (Wear Mask)
2026-03-24 07:12:30 UTC,151,154,33.7,2036.59,40.0,38.4,Hazardous (Wear Mask)
2026-03-24 07:12:40 UTC,148,150,37.61,2065.88,40.1,38.3,Hazardous (Wear Mask)
2026-03-24 07:12:50 UTC,149,150,33.86,2039.26,40.1,38.3,Hazardous (Wear Mask)
2026-03-24 07:13:00 UTC,151,151,37.61,2065.88,40.2,38.1,Hazardous (Wear Mask)
2026-03-24 07:13:10 UTC,151,151,33.39,2031.27,40.1,38.2,Hazardous (Wear Mask)
2026-03-24 07:13:20 UTC,153,155,36.26,2060.55,40.0,38.2,Hazardous (Wear Mask)
2026-03-24 07:13:30 UTC,151,152,37.44,2065.88,39.9,38.4,Hazardous (Wear Mask)
2026-03-24 07:13:40 UTC,151,154,33.64,2033.94,39.9,38.4,Hazardous (Wear Mask)
2026-03-24 07:13:50 UTC,151,153,37.72,2063.22,39.8,38.4,Hazardous (Wear Mask)
2026-03-24 07:14:00 UTC,154,155,32.8,2031.27,39.7,38.5,Hazardous (Wear Mask)
2026-03-24 07:14:10 UTC,154,155,37.02,2065.88,39.7,38.6,Hazardous (Wear Mask)
2026-03-24 07:14:20 UTC,151,153,33.48,2033.94,39.8,38.3,Hazardous (Wear Mask)
2026-03-24 07:14:30 UTC,150,153,37.79,2063.22,39.8,38.5,Hazardous (Wear Mask)
2026-03-24 07:14:40 UTC,155,156,33.7,2033.94,39.7,38.5,Hazardous (Wear Mask)
2026-03-24 07:14:50 UTC,151,153,37.72,2068.54,39.7,38.5,Hazardous (Wear Mask)
2026-03-24 07:15:00 UTC,151,152,37.72,2063.22,39.7,38.5,Hazardous (Wear Mask)
2026-03-24 07:15:10 UTC,153,153,33.8,2033.94,39.6,38.6,Hazardous (Wear Mask)
2026-03-24 07:15:20 UTC,151,152,37.29,2063.22,39.5,38.9,Hazardous (Wear Mask)
2026-03-24 07:15:30 UTC,152,152,33.64,2033.94,39.6,38.5,Hazardous (Wear Mask)
2026-03-24 07:15:40 UTC,153,154,37.79,2065.88,39.6,38.4,Hazardous (Wear Mask)
2026-03-24 07:15:50 UTC,152,152,33.8,2033.94,39.7,38.4,Hazardous (Wear Mask)
2026-03-24 07:16:00 UTC,153,153,36.84,2060.55,39.7,38.5,Hazardous (Wear Mask)
2026-03-24 07:16:10 UTC,154,154,33.8,2033.94,39.6,38.4,Hazardous (Wear Mask)
2026-03-24 07:16:20 UTC,151,152,37.61,2068.54,39.7,38.4,Hazardous (Wear Mask)
2026-03-24 07:16:30 UTC,151,152,33.54,2036.59,39.6,38.4,Hazardous (Wear Mask)
2026-03-24 07:16:40 UTC,150,153,37.29,2063.22,39.5,38.4,Hazardous (Wear Mask)
2026-03-24 07:16:50 UTC,151,154,33.64,2033.94,39.4,38.5,Hazardous (Wear Mask)
2026-03-24 07:17:00 UTC,150,152,33.02,2031.27,39.4,38.8,Hazardous (Wear Mask)
2026-03-24 07:17:10 UTC,152,154,37.29,2065.88,39.2,38.8,Hazardous (Wear Mask)
2026-03-24 07:17:20 UTC,152,154,32.65,2025.95,39.2,39.2,Hazardous (Wear Mask)
2026-03-24 07:17:30 UTC,151,152,37.37,2065.88,39.2,39.3,Hazardous (Wear Mask)
2026-03-24 07:17:40 UTC,151,153,33.39,2033.94,39.2,39.2,Hazardous (Wear Mask)
2026-03-24 07:17:50 UTC,152,152,37.61,2068.54,39.3,38.9,Hazardous (Wear Mask)
2026-03-24 07:18:00 UTC,151,151,33.11,2031.27,39.4,38.6,Hazardous (Wear Mask)
2026-03-24 07:18:10 UTC,149,151,37.79,2065.88,39.4,38.6,Hazardous (Wear Mask)
2026-03-24 07:18:20 UTC,151,153,33.7,2033.94,39.5,38.6,Hazardous (Wear Mask)
2026-03-24 07:18:30 UTC,154,154,37.19,2063.22,39.5,38.5,Hazardous (Wear Mask)
2026-03-24 07:18:40 UTC,153,155,37.54,2068.54,39.5,38.6,Hazardous (Wear Mask)
2026-03-24 07:18:50 UTC,154,157,33.54,2033.94,39.5,38.5,Hazardous (Wear Mask)
2026-03-24 07:19:00 UTC,152,156,37.54,2065.88,39.6,38.6,Hazardous (Wear Mask)
2026-03-24 07:19:10 UTC,153,157,33.8,2033.94,39.5,38.6,Hazardous (Wear Mask)
2026-03-24 07:19:20 UTC,153,155,37.44,2068.54,39.5,38.5,Hazardous (Wear Mask)
2026-03-24 07:19:30 UTC,152,154,33.8,2036.59,39.4,38.5,Hazardous (Wear Mask)
2026-03-24 07:19:40 UTC,152,153,37.29,2063.22,39.3,38.7,Hazardous (Wear Mask)
2026-03-24 07:19:50 UTC,152,153,33.64,2033.94,39.3,38.9,Hazardous (Wear Mask)
2026-03-24 07:20:00 UTC,152,155,37.29,2063.22,39.3,39.1,Hazardous (Wear Mask)
2026-03-24 07:20:10 UTC,150,152,36.84,2065.88,39.2,39.1,Hazardous (Wear Mask)
2026-03-24 07:20:20 UTC,149,151,32.95,2031.27,39.1,39.2,Hazardous (Wear Mask)
2026-03-24 07:20:30 UTC,152,154,37.02,2068.54,39.0,39.2,Hazardous (Wear Mask)
2026-03-24 07:20:40 UTC,152,154,33.48,2033.94,38.9,39.4,Hazardous (Wear Mask)
2026-03-24 07:20:50 UTC,150,152,37.72,2065.88,38.8,39.5,Hazardous (Wear Mask)
2026-03-24 07:21:00 UTC,133,135,33.86,2041.92,38.8,39.8,Hazardous (Wear Mask)
2026-03-24 07:21:10 UTC,114,116,37.54,2068.54,38.8,39.7,Hazardous (Wear Mask)
2026-03-24 07:21:20 UTC,103,107,33.33,2031.27,38.9,39.7,Hazardous (Wear Mask)
2026-03-24 07:21:30 UTC,97,99,37.61,2065.88,39.0,39.6,Hazardous (Wear Mask)
2026-03-24 07:21:40 UTC,91,93,37.19,2063.22,39.0,39.5,Hazardous (Wear Mask)
2026-03-24 07:21:50 UTC,91,93,37.54,2068.54,38.9,39.7,Hazardous (Wear Mask)
2026-03-24 07:22:00 UTC,88,90,37.37,2065.88,38.8,39.6,Hazardous (Wear Mask)
2026-03-24 07:22:10 UTC,90,94,33.7,2039.26,38.8,39.8,Hazardous (Wear Mask)
2026-03-24 07:22:20 UTC,90,94,37.19,2065.88,38.9,39.8,Hazardous (Wear Mask)
2026-03-24 07:22:30 UTC,94,96,32.86,2033.94,38.9,39.6,Hazardous (Wear Mask)
2026-03-24 07:22:40 UTC,90,91,37.79,2068.54,38.9,39.7,Hazardous (Wear Mask)
2026-03-24 07:22:50 UTC,87,89,33.86,2033.94,38.9,39.9,Hazardous (Wear Mask)
2026-03-24 07:23:00 UTC,86,87,37.61,2068.54,39.0,39.7,Hazardous (Wear Mask)
2026-03-24 07:23:10 UTC,85,87,34.02,2036.59,39.1,39.5,Hazardous (Wear Mask)
2026-03-24 07:23:20 UTC,84,86,37.61,2068.54,39.1,39.4,Hazardous (Wear Mask)
2026-03-24 07:23:30 UTC,81,83,33.92,2033.94,39.0,39.3,Hazardous (Wear Mask)
2026-03-24 07:23:40 UTC,79,82,33.11,2031.27,39.0,39.5,Hazardous (Wear Mask)
2026-03-24 07:23:50 UTC,77,82,37.79,2068.54,39.0,39.5,Hazardous (Wear Mask)
2026-03-24 07:24:00 UTC,77,82,33.64,2033.94,39.0,39.5,Hazardous (Wear Mask)
2026-03-24 07:24:10 UTC,78,83,37.61,2068.54,39.1,39.4,Hazardous (Wear Mask)
2026-03-24 07:24:20 UTC,80,83,33.02,2031.27,39.1,39.5,Hazardous (Wear Mask)
2026-03-24 07:24:30 UTC,80,84,37.72,2065.88,39.1,39.3,Hazardous (Wear Mask)
2026-03-24 07:24:40 UTC,78,82,33.92,2039.26,39.1,39.2,Hazardous (Wear Mask)
2026-03-24 07:24:50 UTC,81,84,37.79,2065.88,39.1,39.2,Hazardous (Wear Mask)
2026-03-24 07:25:00 UTC,81,84,33.86,2036.59,39.0,39.4,Hazardous (Wear Mask)
2026-03-24 07:25:10 UTC,81,84,37.37,2065.88,38.9,39.5,Hazardous (Wear Mask)
2026-03-24 07:25:20 UTC,79,83,37.29,2068.54,38.8,39.8,Hazardous (Wear Mask)
2026-03-24 07:25:30 UTC,80,84,33.86,2033.94,38.7,39.9,Hazardous (Wear Mask)
2026-03-24 07:25:40 UTC,76,81,37.54,2065.88,38.7,40.2,Hazardous (Wear Mask)
2026-03-24 07:25:50 UTC,77,82,33.86,2036.59,38.6,40.3,Hazardous (Wear Mask)
2026-03-24 07:26:00 UTC,76,81,37.44,2065.88,38.6,40.3,Hazardous (Wear Mask)
2026-03-24 07:26:10 UTC,77,82,33.86,2036.59,38.6,40.3,Hazardous (Wear Mask)
2026-03-24 07:26:20 UTC,79,82,37.61,2071.2,38.6,40.3,Hazardous (Wear Mask)
2026-03-24 07:26:30 UTC,80,84,33.92,2036.59,38.5,40.0,Hazardous (Wear Mask)
2026-03-24 07:26:40 UTC,81,84,37.72,2068.54,38.5,40.1,Hazardous (Wear Mask)
2026-03-24 07:26:50 UTC,82,85,37.19,2068.54,38.6,40.2,Hazardous (Wear Mask)
2026-03-24 07:27:00 UTC,79,83,33.86,2039.26,38.6,40.2,Hazardous (Wear Mask)
2026-03-24 07:27:10 UTC,75,82,37.79,2068.54,38.6,40.2,Hazardous (Wear Mask)
2026-03-24 07:27:20 UTC,76,82,33.86,2033.94,38.7,40.2,Hazardous (Wear Mask)
2026-03-24 07:27:30 UTC,76,82,37.79,2065.88,38.7,40.0,Hazardous (Wear Mask)
2026-03-24 07:27:40 UTC,76,82,33.86,2036.59,38.7,39.9,Hazardous (Wear Mask)
2026-03-24 07:27:50 UTC,77,82,36.67,2057.89,38.7,40.1,Hazardous (Wear Mask)
2026-03-24 07:28:00 UTC,79,82,33.8,2033.94,38.8,40.0,Hazardous (Wear Mask)
2026-03-24 07:28:10 UTC,81,84,37.72,2068.54,38.8,40.4,Hazardous (Wear Mask)
2026-03-24 07:28:20 UTC,79,84,37.79,2068.54,38.8,41.5,Hazardous (Wear Mask)
2026-03-24 07:28:30 UTC,82,84,33.86,2033.94,38.7,41.7,Hazardous (Wear Mask)
2026-03-24 07:28:40 UTC,79,83,37.54,2065.88,38.8,40.8,Hazardous (Wear Mask)
2026-03-24 07:28:50 UTC,82,84,33.86,2036.59,38.8,39.7,Hazardous (Wear Mask)
2026-03-24 07:29:00 UTC,81,84,37.79,2065.88,38.9,39.5,Hazardous (Wear Mask)
2026-03-24 07:29:10 UTC,84,86,33.39,2031.27,38.9,39.8,Hazardous (Wear Mask)
2026-03-24 07:29:20 UTC,82,85,37.37,2065.88,38.9,40.0,Hazardous (Wear Mask)
2026-03-24 07:29:30 UTC,83,85,32.95,2025.95,38.8,40.1,Hazardous (Wear Mask)
2026-03-24 07:29:40 UTC,82,86,37.61,2065.88,38.8,40.0,Hazardous (Wear Mask)
2026-03-24 07:29:50 UTC,80,83,37.44,2063.22,38.8,40.1,Hazardous (Wear Mask)
2026-03-24 07:30:00 UTC,83,85,37.61,2065.88,38.6,40.1,Hazardous (Wear Mask)
2026-03-24 07:30:10 UTC,82,85,35.69,2055.23,38.5,40.1,Hazardous (Wear Mask)
2026-03-24 07:30:20 UTC,83,84,32.8,2031.27,38.4,40.3,Hazardous (Wear Mask)
2026-03-24 07:30:30 UTC,81,84,37.61,2065.88,38.3,40.5,Hazardous (Wear Mask)
2026-03-24 07:30:40 UTC,83,85,33.64,2033.94,38.3,40.7,Hazardous (Wear Mask)
2026-03-24 07:30:50 UTC,83,84,36.36,2055.23,38.4,40.8,Hazardous (Wear Mask)
2026-03-24 07:31:00 UTC,83,85,33.7,2031.27,38.3,40.7,Hazardous (Wear Mask)
2026-03-24 07:31:10 UTC,80,82,37.44,2065.88,38.4,40.6,Hazardous (Wear Mask)
2026-03-24 07:31:20 UTC,79,82,33.86,2036.59,38.5,40.6,Hazardous (Wear Mask)
2026-03-24 07:31:30 UTC,80,84,37.54,2065.88,38.5,40.6,Hazardous (Wear Mask)
2026-03-24 07:31:40 UTC,82,84,33.64,2033.94,38.6,40.8,Hazardous (Wear Mask)
2026-03-24 07:31:50 UTC,83,85,32.65,2025.95,38.6,40.7,Hazardous (Wear Mask)
2026-03-24 07:32:00 UTC,81,84,37.44,2063.22,38.6,40.5,Hazardous (Wear Mask)
2026-03-24 07:32:10 UTC,84,86,33.7,2036.59,38.6,40.4,Hazardous (Wear Mask)
2026-03-24 07:32:20 UTC,82,85,37.29,2063.22,38.6,40.2,Hazardous (Wear Mask)
2026-03-24 07:32:30 UTC,85,87,33.64,2033.94,38.5,40.2,Hazardous (Wear Mask)
2026-03-24 07:32:40 UTC,84,87,37.19,2065.88,38.4,40.3,Hazardous (Wear Mask)
2026-03-24 07:32:50 UTC,83,85,33.7,2033.94,38.4,40.5,Hazardous (Wear Mask)
2026-03-24 07:33:00 UTC,84,86,36.53,2057.89,38.3,40.5,Hazardous (Wear Mask)
2026-03-24 07:33:10 UTC,86,87,33.86,2036.59,38.1,40.6,Hazardous (Wear Mask)
2026-03-24 07:33:20 UTC,87,88,37.37,2065.88,38.1,40.8,Hazardous (Wear Mask)
2026-03-24 07:33:30 UTC,86,87,37.37,2063.22,38.0,40.8,Hazardous (Wear Mask)
2026-03-24 07:33:40 UTC,87,90,32.65,2028.61,37.8,40.9,Hazardous (Wear Mask)
2026-03-24 07:33:50 UTC,84,86,36.53,2057.89,37.8,41.2,Hazardous (Wear Mask)
2026-03-24 07:34:00 UTC,84,85,33.54,2031.27,37.9,41.1,Hazardous (Wear Mask)
2026-03-24 07:34:10 UTC,86,88,37.54,2063.22,37.9,41.1,Hazardous (Wear Mask)
2026-03-24 07:34:20 UTC,87,89,33.64,2033.94,37.9,41.1,Hazardous (Wear Mask)
2026-03-24 07:34:30 UTC,87,89,37.19,2063.22,37.9,41.1,Hazardous (Wear Mask)
2026-03-24 07:34:40 UTC,86,88,33.64,2031.27,37.9,41.0,Hazardous (Wear Mask)
2026-03-24 07:34:50 UTC,86,88,37.02,2063.22,37.9,41.1,Hazardous (Wear Mask)
2026-03-24 07:35:00 UTC,82,85,37.37,2065.88,38.0,40.9,Hazardous (Wear Mask)
2026-03-24 07:35:10 UTC,82,84,33.39,2033.94,38.0,40.8,Hazardous (Wear Mask)
2026-03-24 07:35:20 UTC,78,83,36.36,2052.57,38.0,40.8,Hazardous (Wear Mask)
2026-03-24 07:35:30 UTC,79,84,32.86,2033.94,38.0,40.7,Hazardous (Wear Mask)
2026-03-24 07:35:40 UTC,78,84,36.19,2055.23,38.1,40.6,Hazardous (Wear Mask)
2026-03-24 07:35:50 UTC,80,84,33.48,2033.94,38.1,40.5,Hazardous (Wear Mask)
2026-03-24 07:36:00 UTC,83,86,37.37,2063.22,38.1,39.7,Hazardous (Wear Mask)
2026-03-24 07:36:10 UTC,83,86,33.39,2033.94,38.2,39.9,Hazardous (Wear Mask)
2026-03-24 07:36:20 UTC,83,86,36.95,2065.88,38.2,40.2,Hazardous (Wear Mask)
2026-03-24 07:36:30 UTC,88,89,37.37,2063.22,38.2,40.2,Hazardous (Wear Mask)
2026-03-24 07:36:40 UTC,87,88,36.6,2063.22,38.1,40.5,Hazardous (Wear Mask)
2026-03-24 07:36:50 UTC,85,88,36.77,2060.55,38.1,40.5,Hazardous (Wear Mask)
2026-03-24 07:37:00 UTC,86,88,33.48,2033.94,38.0,40.7,Hazardous (Wear Mask)
2026-03-24 07:37:10 UTC,85,86,36.95,2063.22,38.0,40.8,Hazardous (Wear Mask)
2026-03-24 07:37:20 UTC,85,87,33.64,2033.94,38.0,41.1,Hazardous (Wear Mask)
2026-03-24 07:37:30 UTC,84,87,37.02,2063.22,38.0,40.7,Hazardous (Wear Mask)
2026-03-24 07:37:40 UTC,87,89,33.33,2033.94,38.0,40.3,Hazardous (Wear Mask)
2026-03-24 07:37:50 UTC,89,92,37.12,2063.22,37.9,41.5,Hazardous (Wear Mask)
2026-03-24 07:38:00 UTC,89,91,33.48,2033.94,37.8,41.4,Hazardous (Wear Mask)
2026-03-24 07:38:10 UTC,90,90,37.02,2063.22,37.6,41.4,Hazardous (Wear Mask)
2026-03-24 07:38:20 UTC,87,89,33.02,2025.95,37.5,41.2,Hazardous (Wear Mask)
2026-03-24 07:38:30 UTC,88,89,33.02,2033.94,37.4,41.4,Hazardous (Wear Mask)
2026-03-24 07:38:40 UTC,86,87,37.02,2060.55,37.2,41.8,Hazardous (Wear Mask)
2026-03-24 07:38:50 UTC,85,86,33.02,2033.94,37.1,42.0,Hazardous (Wear Mask)
2026-03-24 07:39:00 UTC,83,85,36.84,2063.22,37.1,42.2,Hazardous (Wear Mask)
2026-03-24 07:39:10 UTC,85,88,32.65,2025.95,37.2,42.3,Hazardous (Wear Mask)
2026-03-24 07:39:20 UTC,88,90,36.36,2055.23,37.2,42.2,Hazardous (Wear Mask)
2026-03-24 07:39:30 UTC,91,93,33.39,2033.94,37.2,42.2,Hazardous (Wear Mask)
2026-03-24 07:39:40 UTC,91,93,37.02,2063.22,37.3,42.2,Hazardous (Wear Mask)
2026-03-24 07:39:50 UTC,91,91,33.11,2033.94,37.3,42.2,Hazardous (Wear Mask)
2026-03-24 07:40:00 UTC,93,94,36.6,2060.55,37.3,42.1,Hazardous (Wear Mask)
2026-03-24 07:40:10 UTC,94,95,36.67,2060.55,37.4,41.9,Hazardous (Wear Mask)
2026-03-24 07:40:20 UTC,98,98,33.48,2033.94,37.5,42.0,Hazardous (Wear Mask)
2026-03-24 07:40:30 UTC,98,100,36.84,2063.22,37.6,41.8,Hazardous (Wear Mask)
2026-03-24 07:40:40 UTC,96,100,33.17,2031.27,37.5,41.6,Hazardous (Wear Mask)
2026-03-24 07:40:50 UTC,84,87,36.77,2063.22,37.4,41.6,Hazardous (Wear Mask)
2026-03-24 07:41:00 UTC,80,86,33.11,2033.94,37.2,41.6,Hazardous (Wear Mask)
2026-03-24 07:41:10 UTC,75,83,37.19,2063.22,37.0,41.8,Hazardous (Wear Mask)
2026-03-24 07:41:20 UTC,72,80,33.02,2031.27,36.9,42.1,Hazardous (Wear Mask)
2026-03-24 07:41:30 UTC,71,80,36.67,2060.55,36.9,43.0,Hazardous (Wear Mask)
2026-03-24 07:41:40 UTC,70,80,36.53,2063.22,36.9,43.0,Hazardous (Wear Mask)
2026-03-24 07:41:50 UTC,66,77,33.39,2033.94,36.9,43.6,Hazardous (Wear Mask)
2026-03-24 07:42:00 UTC,63,75,36.67,2060.55,36.9,44.5,Hazardous (Wear Mask)
2026-03-24 07:42:10 UTC,65,76,33.17,2031.27,36.9,44.2,Hazardous (Wear Mask)
2026-03-24 07:42:20 UTC,63,74,37.29,2060.55,37.0,43.9,Hazardous (Wear Mask)
2026-03-24 07:42:30 UTC,66,76,33.39,2033.94,37.0,44.0,Hazardous (Wear Mask)
2026-03-24 07:42:40 UTC,68,78,37.19,2063.22,37.0,44.5,Hazardous (Wear Mask)
2026-03-24 07:42:50 UTC,70,79,33.48,2031.27,37.0,44.3,Hazardous (Wear Mask)
2026-03-24 07:43:00 UTC,73,80,37.02,2065.88,37.1,44.3,Hazardous (Wear Mask)
2026-03-24 07:43:10 UTC,75,83,37.02,2063.22,37.1,43.5,Hazardous (Wear Mask)
2026-03-24 07:43:20 UTC,77,84,36.67,2060.55,37.2,42.4,Hazardous (Wear Mask)
2026-03-24 07:43:30 UTC,79,85,36.67,2063.22,37.2,42.8,Hazardous (Wear Mask)
2026-03-24 07:43:40 UTC,79,84,33.48,2033.94,37.2,43.2,Hazardous (Wear Mask)
2026-03-24 07:43:50 UTC,80,85,36.84,2063.22,37.2,43.5,Hazardous (Wear Mask)
2026-03-24 07:44:00 UTC,84,87,33.17,2033.94,37.2,43.3,Hazardous (Wear Mask)
2026-03-24 07:44:10 UTC,84,86,36.43,2057.89,37.2,43.7,Hazardous (Wear Mask)
2026-03-24 07:44:20 UTC,85,88,32.86,2025.95,37.1,45.6,Hazardous (Wear Mask)
2026-03-24 07:44:30 UTC,85,88,35.62,2052.57,37.1,44.5,Hazardous (Wear Mask)
2026-03-24 07:44:40 UTC,84,87,35.52,2052.57,37.0,44.5,Hazardous (Wear Mask)
2026-03-24 07:44:50 UTC,85,86,37.02,2063.22,37.1,44.7,Hazardous (Wear Mask)
2026-03-24 07:45:00 UTC,83,86,32.71,2031.27,37.1,44.1,Hazardous (Wear Mask)
2026-03-24 07:45:10 UTC,86,87,33.17,2031.27,37.0,44.2,Hazardous (Wear Mask)
2026-03-24 07:45:20 UTC,86,87,36.84,2060.55,36.9,43.6,Hazardous (Wear Mask)
2026-03-24 07:45:30 UTC,86,87,33.11,2033.94,36.8,44.8,Hazardous (Wear Mask)
2026-03-24 07:45:40 UTC,86,87,36.6,2063.22,36.8,45.3,Hazardous (Wear Mask)
2026-03-24 07:45:50 UTC,87,88,33.11,2028.61,36.8,46.6,Hazardous (Wear Mask)
2026-03-24 07:46:00 UTC,85,87,36.36,2060.55,36.8,46.3,Hazardous (Wear Mask)
2026-03-24 07:46:10 UTC,88,89,33.11,2031.27,36.7,46.0,Hazardous (Wear Mask)
2026-03-24 07:46:20 UTC,84,86,36.53,2060.55,36.7,45.9,Hazardous (Wear Mask)
2026-03-24 07:46:30 UTC,81,86,33.17,2033.94,36.7,46.2,Hazardous (Wear Mask)
2026-03-24 07:46:40 UTC,82,85,35.69,2052.57,36.6,45.2,Hazardous (Wear Mask)
2026-03-24 07:46:50 UTC,80,85,36.53,2060.55,36.6,44.6,Hazardous (Wear Mask)
2026-03-24 07:47:00 UTC,78,85,33.33,2033.94,36.5,44.2,Hazardous (Wear Mask)
2026-03-24 07:47:10 UTC,80,85,36.6,2065.88,36.4,44.1,Hazardous (Wear Mask)
2026-03-24 07:47:20 UTC,83,86,33.02,2031.27,36.5,44.0,Hazardous (Wear Mask)
2026-03-24 07:47:30 UTC,82,85,36.43,2060.55,36.5,45.0,Hazardous (Wear Mask)
2026-03-24 07:47:40 UTC,82,86,33.02,2033.94,36.4,44.8,Hazardous (Wear Mask)
2026-03-24 07:47:50 UTC,82,86,36.53,2060.55,36.4,44.4,Hazardous (Wear Mask)
2026-03-24 07:48:00 UTC,79,84,32.8,2025.95,36.4,44.2,Hazardous (Wear Mask)
2026-03-24 07:48:10 UTC,79,85,36.26,2057.89,36.5,44.1,Hazardous (Wear Mask)
2026-03-24 07:48:20 UTC,76,84,36.84,2060.55,36.5,44.0,Hazardous (Wear Mask)
2026-03-24 07:48:30 UTC,77,85,32.8,2033.94,36.4,44.0,Hazardous (Wear Mask)
2026-03-24 07:48:40 UTC,74,83,36.77,2063.22,36.3,43.9,Hazardous (Wear Mask)
2026-03-24 07:48:50 UTC,74,85,32.58,2025.95,36.2,45.3,Hazardous (Wear Mask)
2026-03-24 07:49:00 UTC,73,82,36.19,2057.89,36.2,45.3,Hazardous (Wear Mask)
2026-03-24 07:49:10 UTC,76,84,33.17,2031.27,36.3,44.3,Hazardous (Wear Mask)
2026-03-24 07:49:20 UTC,75,83,36.26,2057.89,36.4,43.5,Hazardous (Wear Mask)
2026-03-24 07:49:30 UTC,76,82,32.34,2025.95,36.5,42.8,Hazardous (Wear Mask)
2026-03-24 07:49:40 UTC,72,81,36.53,2063.22,36.5,42.4,Hazardous (Wear Mask)
2026-03-24 07:49:50 UTC,69,80,36.95,2063.22,36.5,42.4,Hazardous (Wear Mask)
2026-03-24 07:50:00 UTC,69,79,36.53,2060.55,36.6,42.2,Hazardous (Wear Mask)
2026-03-24 07:50:10 UTC,66,76,35.29,2052.57,36.4,41.4,Hazardous (Wear Mask)
2026-03-24 07:50:20 UTC,63,74,32.71,2025.95,36.4,41.5,Hazardous (Wear Mask)
2026-03-24 07:50:30 UTC,59,71,35.35,2052.57,36.3,42.6,Hazardous (Wear Mask)
2026-03-24 07:50:40 UTC,60,72,32.71,2028.61,36.2,43.2,Hazardous (Wear Mask)
2026-03-24 07:50:50 UTC,59,72,36.77,2063.22,36.2,43.0,Hazardous (Wear Mask)
2026-03-24 07:51:00 UTC,59,73,33.11,2031.27,36.3,42.6,Hazardous (Wear Mask)
2026-03-24 07:51:10 UTC,59,72,35.22,2052.57,36.3,43.2,Hazardous (Wear Mask)
2026-03-24 07:51:20 UTC,59,73,33.02,2028.61,36.3,44.8,Hazardous (Wear Mask)
2026-03-24 07:51:30 UTC,58,72,36.43,2060.55,36.3,45.5,Hazardous (Wear Mask)
2026-03-24 07:51:40 UTC,57,69,33.33,2031.27,36.3,46.0,Hazardous (Wear Mask)
2026-03-24 07:51:50 UTC,55,69,32.86,2031.27,36.3,45.9,Hazardous (Wear Mask)
2026-03-24 07:52:00 UTC,57,70,36.53,2057.89,36.3,45.7,Hazardous (Wear Mask)
2026-03-24 07:52:10 UTC,58,72,32.95,2033.94,36.3,45.2,Hazardous (Wear Mask)
2026-03-24 07:52:20 UTC,57,71,36.53,2060.55,36.4,44.9,Hazardous (Wear Mask)
2026-03-24 07:52:30 UTC,58,72,33.33,2028.61,36.4,43.4,Hazardous (Wear Mask)
2026-03-24 07:52:40 UTC,59,72,36.02,2060.55,36.4,43.8,Hazardous (Wear Mask)
2026-03-24 07:52:50 UTC,61,73,32.71,2025.95,36.4,42.7,Hazardous (Wear Mask)
2026-03-24 07:53:00 UTC,62,74,36.02,2055.23,36.3,41.4,Hazardous (Wear Mask)
2026-03-24 07:53:10 UTC,60,73,33.02,2025.95,36.2,40.8,Hazardous (Wear Mask)
2026-03-24 07:53:20 UTC,62,74,36.43,2060.55,36.2,40.7,Hazardous (Wear Mask)
2026-03-24 07:53:30 UTC,59,73,36.26,2057.89,36.2,40.8,Hazardous (Wear Mask)
2026-03-24 07:53:40 UTC,61,73,32.95,2025.95,36.1,40.7,Hazardous (Wear Mask)
2026-03-24 07:53:50 UTC,59,72,36.02,2055.23,36.1,41.8,Hazardous (Wear Mask)
2026-03-24 07:54:00 UTC,61,75,32.8,2028.61,36.1,42.9,Hazardous (Wear Mask)
2026-03-24 07:54:10 UTC,60,74,35.62,2052.57,36.2,43.2,Hazardous (Wear Mask)
2026-03-24 07:54:20 UTC,61,74,32.71,2028.61,36.1,41.4,Hazardous (Wear Mask)
2026-03-24 07:54:30 UTC,58,71,36.36,2060.55,36.1,42.4,Hazardous (Wear Mask)
2026-03-24 07:54:40 UTC,57,69,32.43,2023.29,36.1,43.6,Hazardous (Wear Mask)
2026-03-24 07:54:50 UTC,58,70,36.53,2057.89,36.2,43.4,Hazardous (Wear Mask)
2026-03-24 07:55:00 UTC,56,69,35.52,2052.57,36.3,42.8,Hazardous (Wear Mask)
2026-03-24 07:55:10 UTC,57,72,32.65,2025.95,36.3,43.4,Hazardous (Wear Mask)
2026-03-24 07:55:20 UTC,59,74,36.53,2057.89,36.4,43.3,Hazardous (Wear Mask)
2026-03-24 07:55:30 UTC,60,76,32.58,2025.95,36.5,43.8,Hazardous (Wear Mask)
2026-03-24 07:55:40 UTC,60,75,36.43,2055.23,36.4,43.3,Hazardous (Wear Mask)
2026-03-24 07:55:50 UTC,61,75,32.8,2031.27,36.4,43.3,Hazardous (Wear Mask)
2026-03-24 07:56:00 UTC,59,72,36.02,2057.89,36.4,43.3,Hazardous (Wear Mask)
2026-03-24 07:56:10 UTC,59,71,33.39,2028.61,36.4,42.2,Hazardous (Wear Mask)
2026-03-24 07:56:20 UTC,57,71,36.43,2060.55,36.4,42.6,Hazardous (Wear Mask)
2026-03-24 07:56:30 UTC,57,70,36.19,2063.22,36.4,41.6,Hazardous (Wear Mask)
2026-03-24 07:56:40 UTC,58,70,36.43,2055.23,36.3,40.6,Hazardous (Wear Mask)
2026-03-24 07:56:50 UTC,58,69,36.26,2055.23,36.2,40.2,Hazardous (Wear Mask)
2026-03-24 07:57:00 UTC,58,71,32.95,2028.61,36.1,40.7,Hazardous (Wear Mask)
2026-03-24 07:57:10 UTC,57,70,36.6,2055.23,36.1,42.1,Hazardous (Wear Mask)
2026-03-24 07:57:20 UTC,58,70,32.71,2028.61,36.1,41.9,Hazardous (Wear Mask)
2026-03-24 07:57:30 UTC,60,73,36.36,2055.23,35.9,40.8,Hazardous (Wear Mask)
2026-03-24 07:57:40 UTC,59,73,33.33,2031.27,35.8,40.4,Hazardous (Wear Mask)
2026-03-24 07:57:50 UTC,60,72,36.02,2057.89,35.8,40.6,Hazardous (Wear Mask)
2026-03-24 07:58:00 UTC,60,72,33.02,2033.94,35.7,40.7,Hazardous (Wear Mask)
2026-03-24 07:58:10 UTC,64,76,36.26,2057.89,35.6,40.6,Hazardous (Wear Mask)
2026-03-24 07:58:20 UTC,68,81,32.71,2025.95,35.4,40.7,Hazardous (Wear Mask)
2026-03-24 07:58:30 UTC,68,81,32.86,2031.27,35.3,40.8,Hazardous (Wear Mask)
2026-03-24 07:58:40 UTC,61,74,35.22,2049.91,35.3,43.5,Hazardous (Wear Mask)
2026-03-24 07:58:50 UTC,57,70,33.02,2028.61,35.3,44.1,Hazardous (Wear Mask)
2026-03-24 07:59:00 UTC,55,66,35.12,2052.57,35.4,43.8,Hazardous (Wear Mask)
2026-03-24 07:59:10 UTC,54,65,32.86,2028.61,35.5,43.4,Hazardous (Wear Mask)
2026-03-24 07:59:20 UTC,55,66,36.53,2057.89,35.6,43.3,Hazardous (Wear Mask)
2026-03-24 07:59:30 UTC,57,68,32.19,2023.29,35.7,43.7,Hazardous (Wear Mask)
2026-03-24 07:59:40 UTC,54,66,35.12,2052.57,35.6,43.5,Hazardous (Wear Mask)
2026-03-24 07:59:50 UTC,54,65,32.71,2025.95,35.7,43.0,Hazardous (Wear Mask)
2026-03-24 08:00:00 UTC,54,66,36.26,2055.23,35.8,42.3,Hazardous (Wear Mask)
2026-03-24 08:00:10 UTC,52,63,35.52,2052.57,35.8,42.4,Hazardous (Wear Mask)
2026-03-24 08:00:20 UTC,52,62,33.17,2031.27,35.9,42.2,Hazardous (Wear Mask)
2026-03-24 08:00:30 UTC,53,64,36.26,2055.23,35.9,42.3,Hazardous (Wear Mask)
2026-03-24 08:00:40 UTC,55,67,32.8,2028.61,35.9,41.4,Hazardous (Wear Mask)
2026-03-24 08:00:50 UTC,52,62,36.09,2055.23,35.9,41.8,Hazardous (Wear Mask)
2026-03-24 08:01:00 UTC,50,60,32.65,2025.95,35.9,42.7,Hazardous (Wear Mask)
2026-03-24 08:01:10 UTC,92,168,36.43,2055.23,35.9,42.3,Hazardous (Wear Mask)
2026-03-24 08:01:20 UTC,159,352,32.86,2031.27,35.7,42.9,Hazardous (Wear Mask)
2026-03-24 08:01:30 UTC,198,448,36.26,2055.23,35.7,43.6,Hazardous (Wear Mask)
