Timestamp,PM2.5,PM10,Gas,CO,Temp,Hum,Status
2026-05-02 21:11:14 UTC,11,8,6.62,1,17.5,61.2,Safe (Clean Air - High Hum)
2026-05-02 21:11:24 UTC,8,14,6.53,1.01,17.6,61,Safe (Clean Air - High Hum)
2026-05-02 21:11:34 UTC,9,14,6.97,1.05,17.6,61,Safe (Clean Air - High Hum)
2026-05-02 21:11:44 UTC,11,13,6.53,1,17.6,60.8,Safe (Clean Air - High Hum)
2026-05-02 21:11:54 UTC,7,12,6.97,1.05,17.6,60.7,Safe (Clean Air - High Hum)
2026-05-02 21:12:04 UTC,9,11,6.53,1,17.6,60.7,Safe (Clean Air - High Hum)
2026-05-02 21:12:14 UTC,9,8,6.86,1.05,17.6,60.8,Safe (Clean Air - High Hum)
2026-05-02 21:12:24 UTC,11,14,6.53,1.02,17.7,60.7,Safe (Clean Air - High Hum)
2026-05-02 21:12:34 UTC,6,12,7,1.04,17.7,60.6,Safe (Clean Air - High Hum)
2026-05-02 21:12:44 UTC,7,14,6.5,1,17.8,60.5,Safe (Clean Air - High Hum)
2026-05-02 21:12:54 UTC,11,8,6.97,1.04,17.8,60.5,Safe (Clean Air - High Hum)
2026-05-02 21:13:04 UTC,7,10,7.55,1.09,17.8,60.5,Safe (Clean Air - High Hum)
2026-05-02 21:13:14 UTC,7,8,7.36,1.07,17.6,60.1,Safe (Clean Air - High Hum)
2026-05-02 21:13:24 UTC,9,13,7.53,1.07,16.7,60,Safe (Clean Air - High Hum)
2026-05-02 21:13:34 UTC,8,8,7.77,1.08,15.7,61,Safe (Clean Air - High Hum)
2026-05-02 21:13:44 UTC,7,8,8.32,1.14,15.2,62.5,Safe (Clean Air - High Hum)
2026-05-02 21:13:54 UTC,10,13,5.28,0.82,15,63.8,Safe (Clean Air - High Hum)
2026-05-02 21:14:04 UTC,9,11,5.47,0.84,14.5,64.9,Safe (Clean Air - High Hum)
2026-05-02 21:14:14 UTC,6,8,5.25,0.81,14.2,66.1,Safe (Clean Air - High Hum)
2026-05-02 21:14:24 UTC,8,13,5.39,0.82,13.9,67.4,Safe (Clean Air - High Hum)
2026-05-02 21:14:34 UTC,10,12,5.34,0.81,13.7,68.5,Safe (Clean Air - High Hum)
2026-05-02 21:14:44 UTC,10,10,5.61,0.84,13.6,69.7,Safe (Clean Air - High Hum)
2026-05-02 21:14:54 UTC,6,10,5.37,0.81,13.5,70.4,Safe (Clean Air - High Hum)
2026-05-02 21:15:04 UTC,8,8,5.55,0.83,13.4,71.3,Safe (Clean Air - High Hum)
2026-05-02 21:15:14 UTC,9,11,5.59,0.83,13.4,71.7,Safe (Clean Air - High Hum)
2026-05-02 21:15:24 UTC,5,11,5.28,0.81,13.4,72,Safe (Clean Air - High Hum)
2026-05-02 21:15:34 UTC,8,12,6.11,0.91,13.5,72.6,Safe (Clean Air - High Hum)
2026-05-02 21:15:44 UTC,6,8,5.9,0.88,13.7,72.5,Safe (Clean Air - High Hum)
2026-05-02 21:15:54 UTC,10,10,6.11,0.91,13.8,72.3,Safe (Clean Air - High Hum)
2026-05-02 21:16:04 UTC,9,11,5.8,0.87,13.9,72.2,Safe (Clean Air - High Hum)
2026-05-02 21:16:14 UTC,8,8,5.91,0.88,14,71.9,Safe (Clean Air - High Hum)
2026-05-02 21:16:24 UTC,5,14,5.8,0.87,14.1,71.7,Safe (Clean Air - High Hum)
2026-05-02 21:16:34 UTC,5,11,6.03,0.9,14.1,71.5,Safe (Clean Air - High Hum)
2026-05-02 21:16:44 UTC,7,13,5.81,0.87,14.2,71.2,Safe (Clean Air - High Hum)
2026-05-02 21:16:54 UTC,7,14,6.07,0.89,14.2,71,Safe (Clean Air - High Hum)
2026-05-02 21:17:04 UTC,11,11,5.67,0.86,14.2,70.9,Safe (Clean Air - High Hum)
2026-05-02 21:17:14 UTC,6,10,6.05,0.9,14.2,70.8,Safe (Clean Air - High Hum)
2026-05-02 21:17:24 UTC,8,9,6.07,0.9,14.3,70.6,Safe (Clean Air - High Hum)
2026-05-02 21:17:34 UTC,8,14,5.87,0.87,14.3,70.6,Safe (Clean Air - High Hum)
2026-05-02 21:17:44 UTC,11,12,5.72,0.87,14.3,70.5,Safe (Clean Air - High Hum)
2026-05-02 21:17:54 UTC,10,12,5.7,0.86,14.3,70.5,Safe (Clean Air - High Hum)
2026-05-02 21:18:04 UTC,10,10,6.08,0.89,14.3,70.5,Safe (Clean Air - High Hum)
2026-05-02 21:18:14 UTC,11,11,5.68,0.86,14.3,70.4,Safe (Clean Air - High Hum)
2026-05-02 21:18:24 UTC,10,8,6.01,0.89,14.3,70.5,Safe (Clean Air - High Hum)
2026-05-02 21:18:34 UTC,7,11,5.72,0.86,14.3,70.4,Safe (Clean Air - High Hum)
2026-05-02 21:18:44 UTC,8,10,6.06,0.89,14.3,70.4,Safe (Clean Air - High Hum)
2026-05-02 21:18:54 UTC,11,12,5.78,0.87,14.4,70.5,Safe (Clean Air - High Hum)
2026-05-02 21:19:04 UTC,8,11,5.99,0.9,14.4,70.5,Safe (Clean Air - High Hum)
2026-05-02 21:19:14 UTC,5,12,5.7,0.86,14.4,70.4,Safe (Clean Air - High Hum)
2026-05-02 21:19:24 UTC,7,14,5.72,0.87,14.5,70.5,Safe (Clean Air - High Hum)
2026-05-02 21:19:34 UTC,9,8,5.96,0.89,14.6,70.4,Safe (Clean Air - High Hum)
2026-05-02 21:19:44 UTC,7,14,5.91,0.89,14.6,70.2,Safe (Clean Air - High Hum)
2026-05-02 21:19:54 UTC,11,12,5.87,0.89,14.7,70.2,Safe (Clean Air - High Hum)
2026-05-02 21:20:04 UTC,9,12,5.53,0.87,14.8,70.1,Safe (Clean Air - High Hum)
2026-05-02 21:20:14 UTC,5,9,5.76,0.89,14.9,69.9,Safe (Clean Air - High Hum)
2026-05-02 21:20:24 UTC,11,9,5.46,0.86,15,69.8,Safe (Clean Air - High Hum)
2026-05-02 21:20:34 UTC,6,14,5.72,0.89,15.1,69.7,Safe (Clean Air - High Hum)
2026-05-02 21:20:44 UTC,8,13,5.36,0.86,15.2,69.8,Safe (Clean Air - High Hum)
2026-05-02 21:20:54 UTC,5,14,5.67,0.88,15.3,69.9,Safe (Clean Air - High Hum)
2026-05-02 21:21:04 UTC,8,9,5.51,0.86,15.4,69.7,Safe (Clean Air - High Hum)
2026-05-02 21:21:14 UTC,10,12,5.76,0.89,15.5,70.4,Safe (Clean Air - High Hum)
2026-05-02 21:21:24 UTC,6,10,5.5,0.87,15.6,72.1,Safe (Clean Air - High Hum)
2026-05-02 21:21:34 UTC,6,14,5.67,0.89,15.8,74.1,Safe (Clean Air - High Hum)
2026-05-02 21:21:44 UTC,5,12,5.8,0.9,15.9,75.3,Safe (Clean Air - High Hum)
2026-05-02 21:21:54 UTC,6,10,5.87,0.9,16.1,76.1,Safe (Clean Air - High Hum)
2026-05-02 21:22:04 UTC,9,10,6.07,0.91,16.2,76.6,Safe (Clean Air - High Hum)
2026-05-02 21:22:14 UTC,6,9,6.24,0.9,16.3,76.9,Safe (Clean Air - High Hum)
2026-05-02 21:22:24 UTC,8,14,6.77,0.94,16.4,76.7,Safe (Clean Air - High Hum)
2026-05-02 21:22:34 UTC,8,11,6.53,0.91,16.5,76.5,Safe (Clean Air - High Hum)
2026-05-02 21:22:44 UTC,11,8,7.51,0.96,16.5,76.6,Safe (Clean Air - High Hum)
2026-05-02 21:22:54 UTC,8,9,7.44,0.95,16.6,76.6,Safe (Clean Air - High Hum)
2026-05-02 21:23:04 UTC,11,9,8.12,1,16.7,76.6,Safe (Clean Air - High Hum)
2026-05-02 21:23:14 UTC,8,11,8.03,0.99,16.8,76.1,Safe (Clean Air - High Hum)
2026-05-02 21:23:24 UTC,9,8,8.12,1.02,16.8,75.9,Safe (Clean Air - High Hum)
2026-05-02 21:23:34 UTC,11,12,7.83,0.99,16.9,76,Safe (Clean Air - High Hum)
2026-05-02 21:23:44 UTC,7,13,8.36,1.03,17,76,Safe (Clean Air - High Hum)
2026-05-02 21:23:54 UTC,10,14,8.28,1.04,17,75.6,Safe (Clean Air - High Hum)
2026-05-02 21:24:04 UTC,5,13,8.15,1.05,17.1,75.4,Safe (Clean Air - High Hum)
2026-05-02 21:24:14 UTC,8,12,7.67,1,17.1,75.3,Safe (Clean Air - High Hum)
2026-05-02 21:24:24 UTC,6,9,7.79,1.02,17.2,75.4,Safe (Clean Air - High Hum)
2026-05-02 21:24:34 UTC,8,8,8.15,1.06,17.3,74.9,Safe (Clean Air - High Hum)
2026-05-02 21:24:44 UTC,6,9,7.8,1.03,17.3,74.5,Safe (Clean Air - High Hum)
2026-05-02 21:24:54 UTC,10,10,8.17,1.06,17.3,74.2,Safe (Clean Air - High Hum)
2026-05-02 21:25:04 UTC,10,9,7.83,1.02,17.3,73.8,Safe (Clean Air - High Hum)
2026-05-02 21:25:14 UTC,10,9,8.32,1.06,17.3,73.6,Safe (Clean Air - High Hum)
2026-05-02 21:25:24 UTC,6,12,7.74,1.02,17.3,73.6,Safe (Clean Air - High Hum)
2026-05-02 21:25:34 UTC,8,12,8.25,1.07,17.3,73.6,Safe (Clean Air - High Hum)
2026-05-02 21:25:44 UTC,10,12,7.75,1.02,17.3,73.5,Safe (Clean Air - High Hum)
2026-05-02 21:25:54 UTC,9,13,8.15,1.06,17.3,73.5,Safe (Clean Air - High Hum)
2026-05-02 21:26:04 UTC,11,10,8.36,1.07,17.3,73.4,Safe (Clean Air - High Hum)
2026-05-02 21:26:14 UTC,6,12,8.25,1.07,17.3,73.2,Safe (Clean Air - High Hum)
2026-05-02 21:26:24 UTC,6,8,8,1.05,17.4,73.1,Safe (Clean Air - High Hum)
2026-05-02 21:26:34 UTC,8,13,8,1.05,17.4,73.1,Safe (Clean Air - High Hum)
2026-05-02 21:26:44 UTC,6,11,8.17,1.08,17.4,73.2,Safe (Clean Air - High Hum)
2026-05-02 21:26:54 UTC,6,8,7.88,1.06,17.4,73,Safe (Clean Air - High Hum)
2026-05-02 21:27:04 UTC,10,14,8.28,1.08,17.4,72.8,Safe (Clean Air - High Hum)
2026-05-02 21:27:14 UTC,8,14,8,1.06,17.4,72.6,Safe (Clean Air - High Hum)
2026-05-02 21:27:24 UTC,10,8,8.22,1.1,17.4,72.6,Safe (Clean Air - High Hum)
2026-05-02 21:27:34 UTC,11,12,8,1.06,17.4,72.5,Safe (Clean Air - High Hum)
2026-05-02 21:27:44 UTC,11,11,8.15,1.08,17.4,72.6,Safe (Clean Air - High Hum)
2026-05-02 21:27:54 UTC,10,11,7.67,1.05,17.4,72.5,Safe (Clean Air - High Hum)
2026-05-02 21:28:04 UTC,11,13,8.21,1.11,17.4,72.6,Safe (Clean Air - High Hum)
2026-05-02 21:28:14 UTC,8,11,8.26,1.09,17.4,72.5,Safe (Clean Air - High Hum)
2026-05-02 21:28:24 UTC,5,14,7.95,1.07,17.4,72.6,Safe (Clean Air - High Hum)
2026-05-02 21:28:34 UTC,10,10,7.91,1.06,17.5,72.6,Safe (Clean Air - High Hum)
2026-05-02 21:28:44 UTC,9,12,7.84,1.07,17.5,72.5,Safe (Clean Air - High Hum)
2026-05-02 21:28:54 UTC,9,11,8.21,1.1,17.5,72.4,Safe (Clean Air - High Hum)
2026-05-02 21:29:04 UTC,6,13,7.77,1.06,17.5,72.3,Safe (Clean Air - High Hum)
2026-05-02 21:29:14 UTC,11,14,8.15,1.08,17.5,72.4,Safe (Clean Air - High Hum)
2026-05-02 21:29:24 UTC,9,10,7.84,1.06,17.5,72.2,Safe (Clean Air - High Hum)
2026-05-02 21:29:34 UTC,6,9,8.17,1.08,17.5,72,Safe (Clean Air - High Hum)
2026-05-02 21:29:44 UTC,5,9,7.79,1.06,17.5,71.9,Safe (Clean Air - High Hum)
2026-05-02 21:29:54 UTC,8,10,8.08,1.09,17.5,72,Safe (Clean Air - High Hum)
2026-05-02 21:30:04 UTC,8,14,7.55,1.05,17.5,72.2,Safe (Clean Air - High Hum)
2026-05-02 21:30:14 UTC,8,13,8,1.1,17.5,72,Safe (Clean Air - High Hum)
2026-05-02 21:30:24 UTC,9,10,7.86,1.08,17.5,72.1,Safe (Clean Air - High Hum)
2026-05-02 21:30:34 UTC,5,12,8.09,1.09,17.5,72,Safe (Clean Air - High Hum)
2026-05-02 21:30:44 UTC,9,12,7.67,1.06,17.5,71.9,Safe (Clean Air - High Hum)
2026-05-02 21:30:54 UTC,11,9,7.53,1.04,17.5,71.9,Safe (Clean Air - High Hum)
2026-05-02 21:31:04 UTC,9,11,8.15,1.08,17.4,72,Safe (Clean Air - High Hum)
2026-05-02 21:31:14 UTC,5,13,7.77,1.06,17.4,71.9,Safe (Clean Air - High Hum)
2026-05-02 21:31:24 UTC,5,9,8.12,1.09,17.4,71.9,Safe (Clean Air - High Hum)
2026-05-02 21:31:34 UTC,11,11,7.8,1.06,17.4,72,Safe (Clean Air - High Hum)
2026-05-02 21:31:44 UTC,5,11,7.88,1.08,17.4,72,Safe (Clean Air - High Hum)
2026-05-02 21:31:54 UTC,5,12,7.77,1.08,17.4,72.2,Safe (Clean Air - High Hum)
2026-05-02 21:32:04 UTC,8,14,8.03,1.09,17.4,72.2,Safe (Clean Air - High Hum)
2026-05-02 21:32:14 UTC,11,8,7.8,1.06,17.4,72.1,Safe (Clean Air - High Hum)
2026-05-02 21:32:24 UTC,7,14,8.12,1.09,17.4,71.9,Safe (Clean Air - High Hum)
2026-05-02 21:32:34 UTC,7,8,8.08,1.1,17.4,72,Safe (Clean Air - High Hum)
2026-05-02 21:32:44 UTC,5,10,8.04,1.1,17.4,72.1,Safe (Clean Air - High Hum)
2026-05-02 21:32:54 UTC,7,12,7.74,1.06,17.4,72,Safe (Clean Air - High Hum)
2026-05-02 21:33:04 UTC,7,11,7.72,1.06,17.4,71.8,Safe (Clean Air - High Hum)
2026-05-02 21:33:14 UTC,5,13,8.08,1.09,17.4,71.8,Safe (Clean Air - High Hum)
2026-05-02 21:33:24 UTC,7,8,7.63,1.06,17.4,71.8,Safe (Clean Air - High Hum)
2026-05-02 21:33:34 UTC,9,14,7.86,1.08,17.4,72,Safe (Clean Air - High Hum)
2026-05-02 21:33:44 UTC,6,11,7.72,1.07,17.4,72,Safe (Clean Air - High Hum)
2026-05-02 21:33:54 UTC,11,8,8,1.08,17.4,71.8,Safe (Clean Air - High Hum)
2026-05-02 21:34:04 UTC,6,8,7.33,1.04,17.4,71.7,Safe (Clean Air - High Hum)
2026-05-02 21:34:14 UTC,5,8,7.84,1.08,17.4,71.8,Safe (Clean Air - High Hum)
2026-05-02 21:34:24 UTC,8,13,7.29,1.03,17.4,71.9,Safe (Clean Air - High Hum)
2026-05-02 21:34:34 UTC,11,12,7.89,1.08,17.4,71.6,Safe (Clean Air - High Hum)
2026-05-02 21:34:44 UTC,5,13,8,1.08,17.4,71.5,Safe (Clean Air - High Hum)
2026-05-02 21:34:54 UTC,8,9,7.86,1.08,17.3,71.4,Safe (Clean Air - High Hum)
2026-05-02 21:35:04 UTC,6,11,7.58,1.05,17.3,71.2,Safe (Clean Air - High Hum)
2026-05-02 21:35:14 UTC,5,12,7.55,1.06,17.3,71.3,Safe (Clean Air - High Hum)
2026-05-02 21:35:24 UTC,11,12,7.95,1.08,17.3,71.3,Safe (Clean Air - High Hum)
2026-05-02 21:35:34 UTC,11,12,7.55,1.06,17.3,71.3,Safe (Clean Air - High Hum)
2026-05-02 21:35:44 UTC,10,14,7.97,1.08,17.2,71.2,Safe (Clean Air - High Hum)
2026-05-02 21:35:54 UTC,9,12,7.63,1.06,17.3,71.2,Safe (Clean Air - High Hum)
2026-05-02 21:36:04 UTC,7,13,7.97,1.08,17.2,71.3,Safe (Clean Air - High Hum)
2026-05-02 21:36:14 UTC,8,12,7.58,1.05,17.2,71.4,Safe (Clean Air - High Hum)
2026-05-02 21:36:24 UTC,10,10,8,1.08,17.2,71.4,Safe (Clean Air - High Hum)
2026-05-02 21:36:34 UTC,7,11,7.75,1.06,17.2,71.4,Safe (Clean Air - High Hum)
2026-05-02 21:36:44 UTC,7,12,8.08,1.08,17.1,71.3,Safe (Clean Air - High Hum)
2026-05-02 21:36:54 UTC,5,11,8.03,1.08,17.1,71.3,Safe (Clean Air - High Hum)
2026-05-02 21:37:04 UTC,7,10,7.99,1.08,17.1,71.4,Safe (Clean Air - High Hum)
2026-05-02 21:37:14 UTC,9,10,7.56,1.05,17.1,71.5,Safe (Clean Air - High Hum)
2026-05-02 21:37:24 UTC,11,11,7.63,1.06,17.1,71.6,Safe (Clean Air - High Hum)
2026-05-02 21:37:34 UTC,10,8,7.89,1.08,17.1,71.5,Safe (Clean Air - High Hum)
2026-05-02 21:37:44 UTC,7,9,7.4,1.03,17.1,71.5,Safe (Clean Air - High Hum)
2026-05-02 21:37:54 UTC,5,14,7.91,1.08,17.1,71.5,Safe (Clean Air - High Hum)
2026-05-02 21:38:04 UTC,9,8,7.55,1.04,17.1,71.4,Safe (Clean Air - High Hum)
2026-05-02 21:38:14 UTC,6,8,7.8,1.08,17.1,71.4,Safe (Clean Air - High Hum)
2026-05-02 21:38:24 UTC,11,13,7.38,1.04,17.1,71.3,Safe (Clean Air - High Hum)
2026-05-02 21:38:34 UTC,11,14,7.83,1.08,17.1,71.3,Safe (Clean Air - High Hum)
2026-05-02 21:38:44 UTC,10,14,7.55,1.04,17.1,71.1,Safe (Clean Air - High Hum)
2026-05-02 21:38:54 UTC,11,8,8,1.08,17.1,71.1,Safe (Clean Air - High Hum)
2026-05-02 21:39:04 UTC,7,12,7.93,1.08,17,71,Safe (Clean Air - High Hum)
2026-05-02 21:39:14 UTC,5,13,7.83,1.08,17.1,71.3,Safe (Clean Air - High Hum)
2026-05-02 21:39:24 UTC,11,13,7.44,1.05,17,71.2,Safe (Clean Air - High Hum)
2026-05-02 21:39:34 UTC,11,10,7.19,1.02,17.1,71.3,Safe (Clean Air - High Hum)
2026-05-02 21:39:44 UTC,6,14,7.48,1.05,17.1,71.2,Safe (Clean Air - High Hum)
2026-05-02 21:39:54 UTC,6,8,7.46,1.04,17.1,71.2,Safe (Clean Air - High Hum)
2026-05-02 21:40:04 UTC,8,10,7.55,1.05,17.1,71.2,Safe (Clean Air - High Hum)
2026-05-02 21:40:14 UTC,9,11,7.53,1.04,17.1,71.2,Safe (Clean Air - High Hum)
2026-05-02 21:40:24 UTC,7,9,7.75,1.06,17,71.1,Safe (Clean Air - High Hum)
2026-05-02 21:40:34 UTC,11,13,7.38,1.04,17,71.2,Safe (Clean Air - High Hum)
2026-05-02 21:40:44 UTC,11,11,7.83,1.07,17,71.2,Safe (Clean Air - High Hum)
2026-05-02 21:40:54 UTC,5,11,7.36,1.03,17,71.2,Safe (Clean Air - High Hum)
2026-05-02 21:41:04 UTC,8,12,7.7,1.07,17,71.2,Safe (Clean Air - High Hum)
2026-05-02 21:41:14 UTC,9,9,7.63,1.08,17.1,71.2,Safe (Clean Air - High Hum)
2026-05-02 21:41:24 UTC,8,11,7.7,1.08,17.1,71.2,Safe (Clean Air - High Hum)
2026-05-02 21:41:34 UTC,10,11,7.29,1.04,17.1,71.1,Safe (Clean Air - High Hum)
2026-05-02 21:41:44 UTC,9,9,7.36,1.04,17.1,71,Safe (Clean Air - High Hum)
2026-05-02 21:41:54 UTC,11,9,7.72,1.07,17.1,70.9,Safe (Clean Air - High Hum)
2026-05-02 21:42:04 UTC,11,11,7.48,1.04,17.1,70.8,Safe (Clean Air - High Hum)
2026-05-02 21:42:14 UTC,9,9,7.74,1.07,17.1,70.9,Safe (Clean Air - High Hum)
2026-05-02 21:42:24 UTC,11,11,7.41,1.04,17,70.8,Safe (Clean Air - High Hum)
2026-05-02 21:42:34 UTC,7,11,7.72,1.06,17,70.8,Safe (Clean Air - High Hum)
2026-05-02 21:42:44 UTC,9,12,7.49,1.04,17,70.7,Safe (Clean Air - High Hum)
2026-05-02 21:42:54 UTC,8,8,7.74,1.07,17,70.7,Safe (Clean Air - High Hum)
2026-05-02 21:43:04 UTC,9,11,7.33,1.04,17,70.7,Safe (Clean Air - High Hum)
2026-05-02 21:43:14 UTC,11,10,7.65,1.06,17,70.7,Safe (Clean Air - High Hum)
2026-05-02 21:43:24 UTC,7,13,7.77,1.06,17,70.7,Safe (Clean Air - High Hum)
2026-05-02 21:43:34 UTC,7,14,7.6,1.06,17,70.8,Safe (Clean Air - High Hum)
2026-05-02 21:43:44 UTC,10,8,7.33,1.03,17,70.8,Safe (Clean Air - High Hum)
2026-05-02 21:43:54 UTC,8,8,7.38,1.04,17,70.8,Safe (Clean Air - High Hum)
2026-05-02 21:44:04 UTC,6,8,7.67,1.06,17,70.6,Safe (Clean Air - High Hum)
2026-05-02 21:44:14 UTC,6,12,7.31,1.04,17,70.7,Safe (Clean Air - High Hum)
2026-05-02 21:44:24 UTC,9,11,7.63,1.07,17,70.7,Safe (Clean Air - High Hum)
2026-05-02 21:44:34 UTC,10,12,7.29,1.03,17,70.7,Safe (Clean Air - High Hum)
2026-05-02 21:44:44 UTC,5,11,7.51,1.05,17,70.6,Safe (Clean Air - High Hum)
2026-05-02 21:44:54 UTC,9,12,7.19,1.03,17,70.6,Safe (Clean Air - High Hum)
2026-05-02 21:45:04 UTC,10,12,7.56,1.06,17,70.6,Safe (Clean Air - High Hum)
2026-05-02 21:45:14 UTC,8,13,7.18,1.02,17,70.5,Safe (Clean Air - High Hum)
2026-05-02 21:45:24 UTC,8,10,7.49,1.06,17,70.6,Safe (Clean Air - High Hum)
2026-05-02 21:45:34 UTC,8,12,7.55,1.06,17,70.6,Safe (Clean Air - High Hum)
2026-05-02 21:45:44 UTC,8,13,7.49,1.05,17,70.6,Safe (Clean Air - High Hum)
2026-05-02 21:45:54 UTC,8,9,7.14,1.02,17,70.6,Safe (Clean Air - High Hum)
2026-05-02 21:46:04 UTC,10,10,7.02,1.01,17.1,70.7,Safe (Clean Air - High Hum)
2026-05-02 21:46:14 UTC,10,12,7.46,1.05,17.1,70.7,Safe (Clean Air - High Hum)
2026-05-02 21:46:24 UTC,7,14,7.1,1.02,17.1,70.6,Safe (Clean Air - High Hum)
2026-05-02 21:46:34 UTC,6,8,7.49,1.06,17.1,70.4,Safe (Clean Air - High Hum)
2026-05-02 21:46:44 UTC,11,9,7.23,1.02,17.1,70.3,Safe (Clean Air - High Hum)
2026-05-02 21:46:54 UTC,8,9,7.4,1.05,17.1,70.1,Safe (Clean Air - High Hum)
2026-05-02 21:47:04 UTC,5,13,7.14,1.02,17.1,70.2,Safe (Clean Air - High Hum)
2026-05-02 21:47:14 UTC,11,9,7.38,1.06,17.1,70.2,Safe (Clean Air - High Hum)
2026-05-02 21:47:24 UTC,10,10,7.07,1.02,17.1,70.1,Safe (Clean Air - High Hum)
2026-05-02 21:47:34 UTC,5,12,7.28,1.04,17.1,69.9,Safe (Clean Air - High Hum)
2026-05-02 21:47:44 UTC,5,12,7.4,1.05,17.1,70,Safe (Clean Air - High Hum)
2026-05-02 21:47:54 UTC,5,14,7.44,1.04,17.1,70,Safe (Clean Air - High Hum)
2026-05-02 21:48:04 UTC,7,8,7.02,1.02,17.1,70.1,Safe (Clean Air - High Hum)
2026-05-02 21:48:14 UTC,10,13,7,1.02,17.1,70,Safe (Clean Air - High Hum)
2026-05-02 21:48:24 UTC,5,8,7.36,1.05,17.1,70,Safe (Clean Air - High Hum)
2026-05-02 21:48:34 UTC,8,9,6.99,1.02,17.1,69.9,Safe (Clean Air - High Hum)
2026-05-02 21:48:44 UTC,9,14,7.21,1.04,17.2,69.8,Safe (Clean Air - High Hum)
2026-05-02 21:48:54 UTC,5,8,6.96,1.01,17.1,69.9,Safe (Clean Air - High Hum)
2026-05-02 21:49:04 UTC,7,10,7.25,1.04,17.1,69.8,Safe (Clean Air - High Hum)
2026-05-02 21:49:14 UTC,11,12,6.97,1.01,17.2,69.9,Safe (Clean Air - High Hum)
2026-05-02 21:49:24 UTC,10,9,7.25,1.04,17.2,69.8,Safe (Clean Air - High Hum)
2026-05-02 21:49:34 UTC,7,14,6.88,1.01,17.2,69.6,Safe (Clean Air - High Hum)
2026-05-02 21:49:44 UTC,5,8,7.02,1.02,17.1,69.6,Safe (Clean Air - High Hum)
2026-05-02 21:49:54 UTC,10,13,7.07,1.02,17.2,69.5,Safe (Clean Air - High Hum)
2026-05-02 21:50:04 UTC,9,10,7.23,1.04,17.1,69.4,Safe (Clean Air - High Hum)
2026-05-02 21:50:14 UTC,5,10,7.18,1.04,17.1,69.3,Safe (Clean Air - High Hum)
2026-05-02 21:50:24 UTC,7,8,7,1.01,17.1,69.4,Safe (Clean Air - High Hum)
2026-05-02 21:50:34 UTC,6,12,7.04,1.02,17.1,69.4,Safe (Clean Air - High Hum)
2026-05-02 21:50:44 UTC,8,8,6.93,1.01,17.1,69.4,Safe (Clean Air - High Hum)
2026-05-02 21:50:54 UTC,11,9,7.14,1.03,17.1,69.3,Safe (Clean Air - High Hum)
2026-05-02 21:51:04 UTC,7,8,6.83,1,17.1,69.5,Safe (Clean Air - High Hum)
2026-05-02 21:51:14 UTC,10,10,7.18,1.03,17.1,69.4,Safe (Clean Air - High Hum)
2026-05-02 21:51:24 UTC,5,14,6.91,1,17.1,69.5,Safe (Clean Air - High Hum)
2026-05-02 21:51:34 UTC,8,8,7.12,1.02,17.1,69.4,Safe (Clean Air - High Hum)
2026-05-02 21:51:44 UTC,5,12,6.88,1.01,17.1,69.4,Safe (Clean Air - High Hum)
2026-05-02 21:51:54 UTC,10,14,7.26,1.02,17.1,69.5,Safe (Clean Air - High Hum)
2026-05-02 21:52:04 UTC,5,13,7.14,1.03,17.1,69.6,Safe (Clean Air - High Hum)
2026-05-02 21:52:14 UTC,6,11,7.21,1.02,17.2,69.5,Safe (Clean Air - High Hum)
2026-05-02 21:52:24 UTC,8,8,7.19,1.03,17.1,69.4,Safe (Clean Air - High Hum)
2026-05-02 21:52:34 UTC,8,12,6.99,1,17.1,69.4,Safe (Clean Air - High Hum)
2026-05-02 21:52:44 UTC,10,14,7.23,1.03,17.1,69.3,Safe (Clean Air - High Hum)
2026-05-02 21:52:54 UTC,11,12,6.83,0.99,17.1,69.4,Safe (Clean Air - High Hum)
2026-05-02 21:53:04 UTC,6,13,7.19,1.02,17.2,69.6,Safe (Clean Air - High Hum)
2026-05-02 21:53:14 UTC,7,10,6.88,1,17.2,69.4,Safe (Clean Air - High Hum)
2026-05-02 21:53:24 UTC,5,12,7.18,1.03,17.2,69.3,Safe (Clean Air - High Hum)
2026-05-02 21:53:34 UTC,9,14,6.82,1,17.2,69.2,Safe (Clean Air - High Hum)
2026-05-02 21:53:44 UTC,5,12,7.25,1.04,17.2,69.1,Safe (Clean Air - High Hum)
2026-05-02 21:53:54 UTC,5,12,6.93,1,17.2,69.1,Safe (Clean Air - High Hum)
2026-05-02 21:54:04 UTC,7,12,7.1,1.03,17.2,69.2,Safe (Clean Air - High Hum)
2026-05-02 21:54:14 UTC,5,9,7.1,1.03,17.2,69.2,Safe (Clean Air - High Hum)
2026-05-02 21:54:24 UTC,6,9,7.07,1.03,17.2,69.1,Safe (Clean Air - High Hum)
2026-05-02 21:54:34 UTC,6,10,7.1,1.03,17.2,69,Safe (Clean Air - High Hum)
2026-05-02 21:54:44 UTC,8,8,6.8,1,17.2,68.9,Safe (Clean Air - High Hum)
2026-05-02 21:54:54 UTC,10,12,7,1.02,17.2,68.9,Safe (Clean Air - High Hum)
2026-05-02 21:55:04 UTC,11,13,6.79,0.99,17.2,68.8,Safe (Clean Air - High Hum)
2026-05-02 21:55:14 UTC,9,8,7.05,1.02,17.2,68.8,Safe (Clean Air - High Hum)
2026-05-02 21:55:24 UTC,5,13,6.76,0.99,17.2,68.8,Safe (Clean Air - High Hum)
2026-05-02 21:55:34 UTC,5,8,7.05,1.02,17.2,68.9,Safe (Clean Air - High Hum)
2026-05-02 21:55:44 UTC,7,10,6.75,1,17.2,69,Safe (Clean Air - High Hum)
2026-05-02 21:55:54 UTC,10,12,7.07,1.02,17.2,69,Safe (Clean Air - High Hum)
2026-05-02 21:56:04 UTC,6,12,6.68,0.99,17.2,69,Safe (Clean Air - High Hum)
2026-05-02 21:56:14 UTC,9,11,7.07,1.02,17.2,68.9,Safe (Clean Air - High Hum)
2026-05-02 21:56:24 UTC,8,13,7.1,1.02,17.2,68.9,Safe (Clean Air - High Hum)
2026-05-02 21:56:34 UTC,6,8,7,1.01,17.2,68.7,Safe (Clean Air - High Hum)
2026-05-02 21:56:44 UTC,10,8,7.05,1.02,17.2,68.8,Safe (Clean Air - High Hum)
2026-05-02 21:56:54 UTC,11,9,6.62,0.97,17.1,69,Safe (Clean Air - High Hum)
2026-05-02 21:57:04 UTC,8,11,7.02,1.02,17.2,69.2,Safe (Clean Air - High Hum)
2026-05-02 21:57:14 UTC,11,14,6.77,0.99,17.2,69,Safe (Clean Air - High Hum)
2026-05-02 21:57:24 UTC,7,14,7.07,1.02,17.2,69,Safe (Clean Air - High Hum)
2026-05-02 21:57:34 UTC,7,9,6.77,0.99,17.2,68.9,Safe (Clean Air - High Hum)
2026-05-02 21:57:44 UTC,5,9,6.97,1.01,17.2,68.8,Safe (Clean Air - High Hum)
2026-05-02 21:57:54 UTC,11,9,6.53,0.97,17.2,68.9,Safe (Clean Air - High Hum)
2026-05-02 21:58:04 UTC,10,13,7.02,1.02,17.2,69.1,Safe (Clean Air - High Hum)
2026-05-02 21:58:14 UTC,9,13,6.73,0.99,17.2,68.9,Safe (Clean Air - High Hum)
2026-05-02 21:58:24 UTC,8,10,7.08,1.02,17.2,69,Safe (Clean Air - High Hum)
2026-05-02 21:58:34 UTC,6,10,7.02,1.02,17.2,69.1,Safe (Clean Air - High Hum)
2026-05-02 21:58:44 UTC,10,9,6.67,0.99,17.2,69,Safe (Clean Air - High Hum)
2026-05-02 21:58:54 UTC,10,11,6.99,1.02,17.2,69,Safe (Clean Air - High Hum)
2026-05-02 21:59:04 UTC,7,8,6.76,0.99,17.2,68.8,Safe (Clean Air - High Hum)
2026-05-02 21:59:14 UTC,11,13,7.02,1.02,17.2,68.8,Safe (Clean Air - High Hum)
2026-05-02 21:59:24 UTC,5,11,6.53,0.97,17.2,68.7,Safe (Clean Air - High Hum)
2026-05-02 21:59:34 UTC,5,12,7.07,1.02,17.2,68.7,Safe (Clean Air - High Hum)
2026-05-02 21:59:44 UTC,8,13,6.77,0.99,17.1,68.7,Safe (Clean Air - High Hum)
2026-05-02 21:59:54 UTC,7,13,7.05,1.02,17.1,68.7,Safe (Clean Air - High Hum)
2026-05-02 22:00:04 UTC,10,10,6.68,0.98,17.2,68.9,Safe (Clean Air - High Hum)
2026-05-02 22:00:14 UTC,9,8,6.85,1,17.2,68.7,Safe (Clean Air - High Hum)
2026-05-02 22:00:24 UTC,7,8,6.61,0.98,17.2,68.8,Safe (Clean Air - High Hum)
2026-05-02 22:00:34 UTC,8,14,6.91,1.02,17.1,68.8,Safe (Clean Air - High Hum)
2026-05-02 22:00:44 UTC,8,14,6.79,1,17.2,68.7,Safe (Clean Air - High Hum)
2026-05-02 22:00:54 UTC,7,14,6.97,1.02,17.2,68.9,Safe (Clean Air - High Hum)
2026-05-02 22:01:04 UTC,8,14,6.88,1.02,17.2,68.7,Safe (Clean Air - High Hum)
2026-05-02 22:01:14 UTC,7,12,6.59,0.98,17.2,68.6,Safe (Clean Air - High Hum)
2026-05-02 22:01:24 UTC,6,12,6.99,1.02,17.2,68.6,Safe (Clean Air - High Hum)
2026-05-02 22:01:34 UTC,7,13,6.58,0.98,17.2,68.6,Safe (Clean Air - High Hum)
2026-05-02 22:01:44 UTC,11,9,6.79,1.01,17.2,68.5,Safe (Clean Air - High Hum)
2026-05-02 22:01:54 UTC,7,10,6.32,0.95,17.2,68.6,Safe (Clean Air - High Hum)
2026-05-02 22:02:04 UTC,8,10,6.85,1.02,17.3,68.5,Safe (Clean Air - High Hum)
2026-05-02 22:02:14 UTC,11,14,6.38,0.95,17.3,68.4,Safe (Clean Air - High Hum)
2026-05-02 22:02:24 UTC,8,13,7,1.02,17.3,68.2,Safe (Clean Air - High Hum)
2026-05-02 22:02:34 UTC,5,11,6.53,0.97,17.2,68.1,Safe (Clean Air - High Hum)
2026-05-02 22:02:44 UTC,5,9,6.94,1.01,17.2,68.2,Safe (Clean Air - High Hum)
2026-05-02 22:02:54 UTC,11,13,6.79,1,17.2,68.3,Safe (Clean Air - High Hum)
2026-05-02 22:03:04 UTC,6,9,6.97,1,17.2,68.4,Safe (Clean Air - High Hum)
2026-05-02 22:03:14 UTC,5,9,6.94,1,17.2,68.3,Safe (Clean Air - High Hum)
2026-05-02 22:03:24 UTC,7,9,6.55,0.97,17.2,68.3,Safe (Clean Air - High Hum)
2026-05-02 22:03:34 UTC,8,13,6.72,0.99,17.2,68.4,Safe (Clean Air - High Hum)
2026-05-02 22:03:44 UTC,5,14,6.59,0.98,17.2,68.4,Safe (Clean Air - High Hum)
2026-05-02 22:03:54 UTC,5,10,6.77,1,17.1,68.3,Safe (Clean Air - High Hum)
2026-05-02 22:04:04 UTC,6,10,6.36,0.95,17.2,68.4,Safe (Clean Air - High Hum)
2026-05-02 22:04:14 UTC,11,14,6.86,1.01,17.1,68.3,Safe (Clean Air - High Hum)
2026-05-02 22:04:24 UTC,11,9,6.55,0.97,17.1,68.2,Safe (Clean Air - High Hum)
2026-05-02 22:04:34 UTC,10,11,6.91,1,17.2,68.4,Safe (Clean Air - High Hum)
2026-05-02 22:04:44 UTC,6,8,6.55,0.97,17.2,68.2,Safe (Clean Air - High Hum)
2026-05-02 22:04:54 UTC,7,13,6.75,1,17.2,68.2,Safe (Clean Air - High Hum)
2026-05-02 22:05:04 UTC,11,8,6.82,1,17.2,68.1,Safe (Clean Air - High Hum)
2026-05-02 22:05:14 UTC,8,14,6.32,0.95,17.2,68.1,Safe (Clean Air - High Hum)
2026-05-02 22:05:24 UTC,6,11,6.88,0.99,17.2,68,Safe (Clean Air - High Hum)
2026-05-02 22:05:34 UTC,5,13,6.5,0.97,17.1,68.1,Safe (Clean Air - High Hum)
2026-05-02 22:05:44 UTC,8,14,6.86,1,17.2,68.2,Safe (Clean Air - High Hum)
2026-05-02 22:05:54 UTC,8,9,6.53,0.97,17.1,68.1,Safe (Clean Air - High Hum)
2026-05-02 22:06:04 UTC,5,10,6.85,1,17.1,68.1,Safe (Clean Air - High Hum)
2026-05-02 22:06:14 UTC,6,8,6.5,0.97,17.1,68.1,Safe (Clean Air - High Hum)
2026-05-02 22:06:24 UTC,5,12,6.77,1,17.1,68.2,Safe (Clean Air - High Hum)
2026-05-02 22:06:34 UTC,10,12,6.26,0.95,17.1,68.2,Safe (Clean Air - High Hum)
2026-05-02 22:06:44 UTC,8,11,6.61,0.99,17.2,68.2,Safe (Clean Air - High Hum)
2026-05-02 22:06:54 UTC,9,9,6.38,0.97,17.2,68.2,Safe (Clean Air - High Hum)
2026-05-02 22:07:04 UTC,9,8,6.72,1,17.2,68.1,Safe (Clean Air - High Hum)
2026-05-02 22:07:14 UTC,7,9,6.79,1,17.2,68.1,Safe (Clean Air - High Hum)
2026-05-02 22:07:24 UTC,11,8,6.36,0.95,17.2,68,Safe (Clean Air - High Hum)
2026-05-02 22:07:34 UTC,5,11,6.77,1,17.2,68,Safe (Clean Air - High Hum)
2026-05-02 22:07:44 UTC,5,11,6.53,0.97,17.2,68.1,Safe (Clean Air - High Hum)
2026-05-02 22:07:54 UTC,7,12,6.79,1,17.2,67.8,Safe (Clean Air - High Hum)
2026-05-02 22:08:04 UTC,7,9,6.49,0.97,17.2,67.9,Safe (Clean Air - High Hum)
2026-05-02 22:08:14 UTC,7,13,6.79,1,17.2,67.9,Safe (Clean Air - High Hum)
2026-05-02 22:08:24 UTC,8,12,6.53,0.97,17.2,67.9,Safe (Clean Air - High Hum)
2026-05-02 22:08:34 UTC,10,9,6.77,1,17.2,67.8,Safe (Clean Air - High Hum)
2026-05-02 22:08:44 UTC,5,12,6.42,0.97,17.2,67.7,Safe (Clean Air - High Hum)
2026-05-02 22:08:54 UTC,8,13,6.76,1,17.2,67.7,Safe (Clean Air - High Hum)
2026-05-02 22:09:04 UTC,7,10,6.4,0.97,17.2,67.7,Safe (Clean Air - High Hum)
2026-05-02 22:09:14 UTC,5,10,6.53,0.98,17.2,67.6,Safe (Clean Air - High Hum)
2026-05-02 22:09:24 UTC,8,10,6.73,1,17.2,67.5,Safe (Clean Air - High Hum)
2026-05-02 22:09:34 UTC,10,10,6.48,0.97,17.2,67.4,Safe (Clean Air - High Hum)
2026-05-02 22:09:44 UTC,8,14,6.8,0.99,17.1,67.5,Safe (Clean Air - High Hum)
2026-05-02 22:09:54 UTC,10,8,6.4,0.96,17.2,67.5,Safe (Clean Air - High Hum)
2026-05-02 22:10:04 UTC,7,14,6.53,0.98,17.2,67.6,Safe (Clean Air - High Hum)
2026-05-02 22:10:14 UTC,10,14,6.42,0.97,17.2,67.7,Safe (Clean Air - High Hum)
2026-05-02 22:10:24 UTC,5,14,6.75,0.99,17.2,67.6,Safe (Clean Air - High Hum)
2026-05-02 22:10:34 UTC,7,10,6.46,0.97,17.2,67.5,Safe (Clean Air - High Hum)
2026-05-02 22:10:44 UTC,5,13,6.53,0.99,17.2,67.5,Safe (Clean Air - High Hum)
2026-05-02 22:10:54 UTC,9,11,6.39,0.96,17.2,67.5,Safe (Clean Air - High Hum)
2026-05-02 22:11:04 UTC,6,11,6.7,0.99,17.2,67.6,Safe (Clean Air - High Hum)
2026-05-02 22:11:14 UTC,10,8,6.49,0.97,17.2,67.5,Safe (Clean Air - High Hum)
2026-05-02 22:11:24 UTC,6,10,6.62,0.99,17.2,67.4,Safe (Clean Air - High Hum)
2026-05-02 22:11:34 UTC,6,10,6.75,0.99,17.2,67.5,Safe (Clean Air - High Hum)
2026-05-02 22:11:44 UTC,10,10,6.35,0.97,17.2,67.5,Safe (Clean Air - High Hum)
2026-05-02 22:11:54 UTC,7,12,6.62,0.99,17.2,67.4,Safe (Clean Air - High Hum)
2026-05-02 22:12:04 UTC,9,9,6.45,0.96,17.2,67.3,Safe (Clean Air - High Hum)
2026-05-02 22:12:14 UTC,5,12,6.61,0.99,17.2,67.2,Safe (Clean Air - High Hum)
2026-05-02 22:12:24 UTC,8,9,6.33,0.97,17.2,67.3,Safe (Clean Air - High Hum)
2026-05-02 22:12:34 UTC,5,10,6.76,0.99,17.2,67.3,Safe (Clean Air - High Hum)
2026-05-02 22:12:44 UTC,8,10,6.38,0.96,17.2,67.3,Safe (Clean Air - High Hum)
2026-05-02 22:12:54 UTC,5,12,6.58,0.99,17.2,67.4,Safe (Clean Air - High Hum)
2026-05-02 22:13:04 UTC,10,12,6.65,0.99,17.2,67.4,Safe (Clean Air - High Hum)
2026-05-02 22:13:14 UTC,9,9,6.5,0.97,17.2,67.3,Safe (Clean Air - High Hum)
2026-05-02 22:13:24 UTC,8,11,6.24,0.97,17.2,67.3,Safe (Clean Air - High Hum)
2026-05-02 22:13:34 UTC,11,9,6.33,0.95,17.2,67.4,Safe (Clean Air - High Hum)
2026-05-02 22:13:44 UTC,7,12,6.62,0.99,17.2,67.2,Safe (Clean Air - High Hum)
2026-05-02 22:13:54 UTC,5,13,6.33,0.95,17.2,67.2,Safe (Clean Air - High Hum)
2026-05-02 22:14:04 UTC,5,12,6.53,0.99,17.2,67.2,Safe (Clean Air - High Hum)
2026-05-02 22:14:14 UTC,8,13,6.43,0.95,17.2,67.2,Safe (Clean Air - High Hum)
2026-05-02 22:14:24 UTC,7,8,6.64,0.98,17.2,67.2,Safe (Clean Air - High Hum)
2026-05-02 22:14:34 UTC,7,12,6.35,0.95,17.2,67.2,Safe (Clean Air - High Hum)
2026-05-02 22:14:44 UTC,10,8,6.7,0.99,17.2,67.2,Safe (Clean Air - High Hum)
2026-05-02 22:14:54 UTC,11,11,6.38,0.96,17.2,67.2,Safe (Clean Air - High Hum)
2026-05-02 22:15:04 UTC,10,9,6.45,0.96,17.2,67.4,Safe (Clean Air - High Hum)
2026-05-02 22:15:14 UTC,10,13,6.52,0.97,17.2,67.3,Safe (Clean Air - High Hum)
2026-05-02 22:15:24 UTC,10,9,6.43,0.97,17.2,67.1,Safe (Clean Air - High Hum)
2026-05-02 22:15:34 UTC,10,8,6.53,0.98,17.1,67,Safe (Clean Air - High Hum)
2026-05-02 22:15:44 UTC,10,13,6.24,0.95,17.2,66.9,Safe (Clean Air - High Hum)
2026-05-02 22:15:54 UTC,9,9,6.58,0.99,17.1,66.9,Safe (Clean Air - High Hum)
2026-05-02 22:16:04 UTC,7,12,6.33,0.95,17.1,66.8,Safe (Clean Air - High Hum)
2026-05-02 22:16:14 UTC,10,10,6.39,0.97,17.1,66.7,Safe (Clean Air - High Hum)
2026-05-02 22:16:24 UTC,7,8,6.3,0.95,17.1,66.9,Safe (Clean Air - High Hum)
2026-05-02 22:16:34 UTC,7,9,6.53,0.99,17.2,66.9,Safe (Clean Air - High Hum)
2026-05-02 22:16:44 UTC,6,8,6.26,0.95,17.2,66.8,Safe (Clean Air - High Hum)
2026-05-02 22:16:54 UTC,9,14,6.53,0.98,17.1,66.7,Safe (Clean Air - High Hum)
2026-05-02 22:17:04 UTC,10,8,6.35,0.95,17.1,66.6,Safe (Clean Air - High Hum)
2026-05-02 22:17:14 UTC,5,13,6.53,0.97,17.1,66.8,Safe (Clean Air - High Hum)
2026-05-02 22:17:24 UTC,8,14,6.32,0.96,17.1,66.9,Safe (Clean Air - High Hum)
2026-05-02 22:17:34 UTC,11,13,6.18,0.95,17.1,66.8,Safe (Clean Air - High Hum)
2026-05-02 22:17:44 UTC,5,10,6.53,0.98,17.1,66.6,Safe (Clean Air - High Hum)
2026-05-02 22:17:54 UTC,9,14,6.11,0.94,17.1,66.5,Safe (Clean Air - High Hum)
2026-05-02 22:18:04 UTC,8,12,6.53,0.97,17.1,66.5,Safe (Clean Air - High Hum)
2026-05-02 22:18:14 UTC,9,8,6.29,0.95,17.1,66.4,Safe (Clean Air - High Hum)
2026-05-02 22:18:24 UTC,7,9,6.43,0.97,17.1,66.3,Safe (Clean Air - High Hum)
2026-05-02 22:18:34 UTC,8,11,6.22,0.95,17.1,66.3,Safe (Clean Air - High Hum)
2026-05-02 22:18:44 UTC,7,8,6.29,0.96,17.1,66.4,Safe (Clean Air - High Hum)
2026-05-02 22:18:54 UTC,5,8,6.15,0.95,17.1,66.3,Safe (Clean Air - High Hum)
2026-05-02 22:19:04 UTC,5,10,6.58,0.98,17.1,66.3,Safe (Clean Air - High Hum)
2026-05-02 22:19:14 UTC,8,12,6.22,0.95,17,66.4,Safe (Clean Air - High Hum)
2026-05-02 22:19:24 UTC,8,11,6.53,0.97,17,66.3,Safe (Clean Air - High Hum)
2026-05-02 22:19:34 UTC,10,14,6.53,0.97,17.1,66.3,Safe (Clean Air - High Hum)
2026-05-02 22:19:44 UTC,9,14,6.28,0.94,17.1,66.3,Safe (Clean Air - High Hum)
2026-05-02 22:19:54 UTC,10,14,6.53,0.97,17,66.2,Safe (Clean Air - High Hum)
2026-05-02 22:20:04 UTC,9,13,6.18,0.94,17,66.4,Safe (Clean Air - High Hum)
2026-05-02 22:20:14 UTC,10,13,6.53,0.97,17,66.4,Safe (Clean Air - High Hum)
2026-05-02 22:20:24 UTC,7,9,6.21,0.94,17,66.3,Safe (Clean Air - High Hum)
2026-05-02 22:20:34 UTC,8,11,6.5,0.98,17,66.4,Safe (Clean Air - High Hum)
2026-05-02 22:20:44 UTC,5,14,6.21,0.94,17,66.4,Safe (Clean Air - High Hum)
2026-05-02 22:20:54 UTC,9,13,6.46,0.96,17,66.3,Safe (Clean Air - High Hum)
2026-05-02 22:21:04 UTC,9,9,6.22,0.94,17,66.1,Safe (Clean Air - High Hum)
2026-05-02 22:21:14 UTC,5,12,6.53,0.97,16.9,66,Safe (Clean Air - High Hum)
2026-05-02 22:21:24 UTC,10,9,6.29,0.94,16.9,65.9,Safe (Clean Air - High Hum)
2026-05-02 22:21:34 UTC,9,13,6.26,0.94,16.9,66.1,Safe (Clean Air - High Hum)
2026-05-02 22:21:44 UTC,11,10,6.53,0.97,16.9,66.2,Safe (Clean Air - High Hum)
2026-05-02 22:21:54 UTC,7,10,6.24,0.94,16.9,66.2,Safe (Clean Air - High Hum)
2026-05-02 22:22:04 UTC,8,14,6.52,0.97,16.9,66.3,Safe (Clean Air - High Hum)
2026-05-02 22:22:14 UTC,5,10,6.08,0.93,16.9,66.2,Safe (Clean Air - High Hum)
2026-05-02 22:22:24 UTC,8,14,6.52,0.97,16.9,66.2,Safe (Clean Air - High Hum)
2026-05-02 22:22:34 UTC,11,14,6.06,0.93,16.9,66.2,Safe (Clean Air - High Hum)
2026-05-02 22:22:44 UTC,9,13,6.49,0.97,16.9,66.2,Safe (Clean Air - High Hum)
2026-05-02 22:22:54 UTC,9,10,6.11,0.94,16.9,66.2,Safe (Clean Air - High Hum)
2026-05-02 22:23:04 UTC,11,14,6.48,0.97,16.9,66.1,Safe (Clean Air - High Hum)
2026-05-02 22:23:14 UTC,5,11,6.39,0.97,16.9,66.1,Safe (Clean Air - High Hum)
2026-05-02 22:23:24 UTC,7,12,6.53,0.97,17,65.9,Safe (Clean Air - High Hum)
2026-05-02 22:23:34 UTC,6,9,6.15,0.93,17,65.8,Safe (Clean Air - High Hum)
2026-05-02 22:23:44 UTC,5,9,6.06,0.93,16.9,65.6,Safe (Clean Air - High Hum)
2026-05-02 22:23:54 UTC,6,13,6.35,0.95,16.9,65.6,Safe (Clean Air - High Hum)
2026-05-02 22:24:04 UTC,11,10,6.15,0.94,16.9,65.7,Safe (Clean Air - High Hum)
2026-05-02 22:24:14 UTC,10,10,6.39,0.97,16.9,65.7,Safe (Clean Air - High Hum)
2026-05-02 22:24:24 UTC,6,14,6.17,0.93,16.9,65.7,Safe (Clean Air - High Hum)
2026-05-02 22:24:34 UTC,7,8,6.24,0.94,16.9,65.7,Safe (Clean Air - High Hum)
2026-05-02 22:24:44 UTC,10,14,6.08,0.93,16.9,65.7,Safe (Clean Air - High Hum)
2026-05-02 22:24:54 UTC,6,12,6.45,0.97,16.9,65.8,Safe (Clean Air - High Hum)
2026-05-02 22:25:04 UTC,11,11,6.02,0.92,16.9,65.8,Safe (Clean Air - High Hum)
2026-05-02 22:25:14 UTC,10,9,6.28,0.94,16.8,65.8,Safe (Clean Air - High Hum)
2026-05-02 22:25:24 UTC,11,14,6.5,0.96,16.8,65.9,Safe (Clean Air - High Hum)
2026-05-02 22:25:34 UTC,6,8,6.5,0.97,16.8,65.9,Safe (Clean Air - High Hum)
2026-05-02 22:25:44 UTC,11,8,6.06,0.93,16.8,66,Safe (Clean Air - High Hum)
2026-05-02 22:25:54 UTC,7,14,6.11,0.93,16.8,65.9,Safe (Clean Air - High Hum)
2026-05-02 22:26:04 UTC,6,13,6.35,0.97,16.8,66,Safe (Clean Air - High Hum)
2026-05-02 22:26:14 UTC,6,9,6.08,0.93,16.8,66,Safe (Clean Air - High Hum)
2026-05-02 22:26:24 UTC,6,13,6.46,0.96,16.9,65.9,Safe (Clean Air - High Hum)
2026-05-02 22:26:34 UTC,5,11,6.13,0.93,16.8,65.8,Safe (Clean Air - High Hum)
2026-05-02 22:26:44 UTC,5,8,6.39,0.97,16.8,65.8,Safe (Clean Air - High Hum)
2026-05-02 22:26:54 UTC,5,8,6.08,0.93,16.8,65.7,Safe (Clean Air - High Hum)
2026-05-02 22:27:04 UTC,7,12,6.4,0.95,16.8,65.7,Safe (Clean Air - High Hum)
2026-05-02 22:27:14 UTC,10,11,6.08,0.93,16.8,65.8,Safe (Clean Air - High Hum)
2026-05-02 22:27:24 UTC,11,8,6.45,0.96,16.8,65.7,Safe (Clean Air - High Hum)
2026-05-02 22:27:34 UTC,9,11,6.38,0.96,16.8,65.8,Safe (Clean Air - High Hum)
2026-05-02 22:27:44 UTC,6,9,6.38,0.95,16.8,65.7,Safe (Clean Air - High Hum)
2026-05-02 22:27:54 UTC,11,10,6.08,0.93,16.8,65.8,Safe (Clean Air - High Hum)
2026-05-02 22:28:04 UTC,6,8,6.1,0.93,16.9,65.9,Safe (Clean Air - High Hum)
2026-05-02 22:28:14 UTC,7,12,6.14,0.95,16.9,65.9,Safe (Clean Air - High Hum)
2026-05-02 22:28:24 UTC,6,9,5.99,0.93,16.9,65.9,Safe (Clean Air - High Hum)
2026-05-02 22:28:34 UTC,5,14,6.3,0.95,16.9,66,Safe (Clean Air - High Hum)
2026-05-02 22:28:44 UTC,9,11,5.94,0.91,16.9,65.9,Safe (Clean Air - High Hum)
2026-05-02 22:28:54 UTC,8,14,6.38,0.96,16.9,65.9,Safe (Clean Air - High Hum)
2026-05-02 22:29:04 UTC,6,13,5.9,0.93,16.9,65.8,Safe (Clean Air - High Hum)
2026-05-02 22:29:14 UTC,11,9,6.32,0.95,16.9,65.9,Safe (Clean Air - High Hum)
2026-05-02 22:29:24 UTC,5,14,6.06,0.93,16.9,65.8,Safe (Clean Air - High Hum)
2026-05-02 22:29:34 UTC,8,8,6.48,0.96,16.9,65.8,Safe (Clean Air - High Hum)
2026-05-02 22:29:44 UTC,9,11,6.35,0.96,16.9,65.8,Safe (Clean Air - High Hum)
2026-05-02 22:29:54 UTC,8,10,6.43,0.96,16.9,65.8,Safe (Clean Air - High Hum)
2026-05-02 22:30:04 UTC,5,9,6.08,0.93,16.9,65.9,Safe (Clean Air - High Hum)
2026-05-02 22:30:14 UTC,10,8,6.06,0.93,16.9,65.9,Safe (Clean Air - High Hum)
2026-05-02 22:30:24 UTC,10,12,6.3,0.96,16.9,66.1,Safe (Clean Air - High Hum)
2026-05-02 22:30:34 UTC,8,13,5.85,0.92,16.9,65.9,Safe (Clean Air - High Hum)
2026-05-02 22:30:44 UTC,7,11,6.32,0.97,16.9,65.8,Safe (Clean Air - High Hum)
2026-05-02 22:30:54 UTC,11,9,6.06,0.93,16.9,65.8,Safe (Clean Air - High Hum)
2026-05-02 22:31:04 UTC,11,9,6.22,0.95,16.9,65.8,Safe (Clean Air - High Hum)
2026-05-02 22:31:14 UTC,8,10,6.06,0.93,16.9,65.7,Safe (Clean Air - High Hum)
2026-05-02 22:31:24 UTC,6,10,6.08,0.93,16.9,65.7,Safe (Clean Air - High Hum)
2026-05-02 22:31:34 UTC,6,12,6.08,0.93,16.9,65.8,Safe (Clean Air - High Hum)
2026-05-02 22:31:44 UTC,11,13,6.32,0.95,16.9,65.9,Safe (Clean Air - High Hum)
2026-05-02 22:31:54 UTC,11,12,6.3,0.96,16.9,65.9,Safe (Clean Air - High Hum)
2026-05-02 22:32:04 UTC,10,8,6.3,0.95,16.9,65.9,Safe (Clean Air - High Hum)
2026-05-02 22:32:14 UTC,7,8,6.08,0.93,16.9,65.8,Safe (Clean Air - High Hum)
2026-05-02 22:32:24 UTC,5,12,6.06,0.93,16.9,65.8,Safe (Clean Air - High Hum)
2026-05-02 22:32:34 UTC,6,13,6.29,0.95,16.9,65.9,Safe (Clean Air - High Hum)
2026-05-02 22:32:44 UTC,11,12,6.06,0.93,16.9,65.9,Safe (Clean Air - High Hum)
2026-05-02 22:32:54 UTC,10,13,6.18,0.94,17,65.9,Safe (Clean Air - High Hum)
2026-05-02 22:33:04 UTC,9,13,6.07,0.93,16.9,65.7,Safe (Clean Air - High Hum)
2026-05-02 22:33:14 UTC,10,14,6.32,0.95,16.9,65.7,Safe (Clean Air - High Hum)
2026-05-02 22:33:24 UTC,6,11,5.96,0.93,16.9,65.7,Safe (Clean Air - High Hum)
2026-05-02 22:33:34 UTC,6,13,6.26,0.95,16.9,65.7,Safe (Clean Air - High Hum)
2026-05-02 22:33:44 UTC,10,10,6.01,0.92,17,65.7,Safe (Clean Air - High Hum)
2026-05-02 22:33:54 UTC,5,13,6.28,0.95,17,65.6,Safe (Clean Air - High Hum)
2026-05-02 22:34:04 UTC,8,13,6.33,0.95,17,65.5,Safe (Clean Air - High Hum)
2026-05-02 22:34:14 UTC,6,13,6.29,0.95,16.9,65.4,Safe (Clean Air - High Hum)
2026-05-02 22:34:24 UTC,10,14,6.01,0.93,17,65.6,Safe (Clean Air - High Hum)
2026-05-02 22:34:34 UTC,11,14,6.01,0.92,17,65.5,Safe (Clean Air - High Hum)
2026-05-02 22:34:44 UTC,10,8,6.26,0.95,16.9,65.4,Safe (Clean Air - High Hum)
2026-05-02 22:34:54 UTC,7,14,5.99,0.93,16.9,65.4,Safe (Clean Air - High Hum)
2026-05-02 22:35:04 UTC,8,10,6.21,0.95,16.9,65.5,Safe (Clean Air - High Hum)
2026-05-02 22:35:14 UTC,9,10,5.99,0.93,16.9,65.4,Safe (Clean Air - High Hum)
2026-05-02 22:35:24 UTC,5,14,6.3,0.95,16.9,65.5,Safe (Clean Air - High Hum)
2026-05-02 22:35:34 UTC,9,12,6.01,0.93,16.9,65.4,Safe (Clean Air - High Hum)
2026-05-02 22:35:44 UTC,8,11,6.3,0.95,17,65.5,Safe (Clean Air - High Hum)
2026-05-02 22:35:54 UTC,8,14,6.06,0.93,16.9,65.5,Safe (Clean Air - High Hum)
2026-05-02 22:36:04 UTC,8,13,6.07,0.93,16.9,65.5,Safe (Clean Air - High Hum)
2026-05-02 22:36:14 UTC,9,9,5.87,0.9,16.9,65.5,Safe (Clean Air - High Hum)
2026-05-02 22:36:24 UTC,11,11,6.17,0.95,16.9,65.6,Safe (Clean Air - High Hum)
2026-05-02 22:36:34 UTC,8,11,6.03,0.93,17,65.8,Safe (Clean Air - High Hum)
2026-05-02 22:36:44 UTC,10,10,5.99,0.93,17,65.8,Safe (Clean Air - High Hum)
2026-05-02 22:36:54 UTC,9,11,6.26,0.95,17,65.7,Safe (Clean Air - High Hum)
2026-05-02 22:37:04 UTC,8,14,6.03,0.92,17,65.6,Safe (Clean Air - High Hum)
2026-05-02 22:37:14 UTC,10,13,6.28,0.94,17,65.5,Safe (Clean Air - High Hum)
2026-05-02 22:37:24 UTC,11,13,6.05,0.93,16.9,65.4,Safe (Clean Air - High Hum)
2026-05-02 22:37:34 UTC,7,8,6.24,0.95,16.9,65.4,Safe (Clean Air - High Hum)
2026-05-02 22:37:44 UTC,11,13,6.02,0.93,16.9,65.4,Safe (Clean Air - High Hum)
2026-05-02 22:37:54 UTC,8,13,6.25,0.95,16.9,65.6,Safe (Clean Air - High Hum)
2026-05-02 22:38:04 UTC,9,10,5.78,0.9,17,65.6,Safe (Clean Air - High Hum)
2026-05-02 22:38:14 UTC,6,13,6.26,0.95,17,65.6,Safe (Clean Air - High Hum)
2026-05-02 22:38:24 UTC,8,8,5.95,0.93,16.9,65.4,Safe (Clean Air - High Hum)
2026-05-02 22:38:34 UTC,6,9,6.15,0.95,17,65.3,Safe (Clean Air - High Hum)
2026-05-02 22:38:44 UTC,10,14,5.94,0.93,16.9,65.3,Safe (Clean Air - High Hum)
2026-05-02 22:38:54 UTC,7,10,6.13,0.94,16.9,65.3,Safe (Clean Air - High Hum)
2026-05-02 22:39:04 UTC,5,9,6.17,0.95,16.9,65.3,Safe (Clean Air - High Hum)
2026-05-02 22:39:14 UTC,11,10,5.95,0.92,16.9,65.4,Safe (Clean Air - High Hum)
2026-05-02 22:39:24 UTC,7,12,6.22,0.94,17,65.4,Safe (Clean Air - High Hum)
2026-05-02 22:39:34 UTC,8,11,5.8,0.9,17,65.3,Safe (Clean Air - High Hum)
2026-05-02 22:39:44 UTC,6,12,6.24,0.95,17,65.3,Safe (Clean Air - High Hum)
2026-05-02 22:39:54 UTC,11,13,5.96,0.91,16.9,65.4,Safe (Clean Air - High Hum)
2026-05-02 22:40:04 UTC,6,9,6.08,0.93,16.9,65.4,Safe (Clean Air - High Hum)
2026-05-02 22:40:14 UTC,9,13,5.96,0.92,16.9,65.4,Safe (Clean Air - High Hum)
2026-05-02 22:40:24 UTC,6,11,6.17,0.94,16.9,65.5,Safe (Clean Air - High Hum)
2026-05-02 22:40:34 UTC,9,10,5.96,0.92,17,65.5,Safe (Clean Air - High Hum)
2026-05-02 22:40:44 UTC,10,11,6.08,0.93,16.9,65.4,Safe (Clean Air - High Hum)
2026-05-02 22:40:54 UTC,11,8,5.94,0.91,16.9,65.3,Safe (Clean Air - High Hum)
2026-05-02 22:41:04 UTC,11,11,6.17,0.94,16.9,65.4,Safe (Clean Air - High Hum)
2026-05-02 22:41:14 UTC,5,8,6.28,0.94,17,65.4,Safe (Clean Air - High Hum)
2026-05-02 22:41:24 UTC,8,11,5.81,0.9,17,65.5,Safe (Clean Air - High Hum)
2026-05-02 22:41:34 UTC,9,14,6.22,0.94,17,65.4,Safe (Clean Air - High Hum)
2026-05-02 22:41:44 UTC,5,8,5.87,0.91,16.9,65.4,Safe (Clean Air - High Hum)
2026-05-02 22:41:54 UTC,6,9,6.24,0.94,17,65.4,Safe (Clean Air - High Hum)
2026-05-02 22:42:04 UTC,6,13,5.95,0.92,16.9,65.5,Safe (Clean Air - High Hum)
2026-05-02 22:42:14 UTC,5,13,6.21,0.95,16.9,65.5,Safe (Clean Air - High Hum)
2026-05-02 22:42:24 UTC,11,12,5.68,0.9,17,65.5,Safe (Clean Air - High Hum)
2026-05-02 22:42:34 UTC,6,13,6.03,0.93,17,65.5,Safe (Clean Air - High Hum)
2026-05-02 22:42:44 UTC,10,10,5.95,0.91,17,65.5,Safe (Clean Air - High Hum)
2026-05-02 22:42:54 UTC,10,14,6.15,0.94,17,65.5,Safe (Clean Air - High Hum)
2026-05-02 22:43:04 UTC,5,11,5.94,0.91,17,65.5,Safe (Clean Air - High Hum)
2026-05-02 22:43:14 UTC,9,12,6.02,0.93,17,65.4,Safe (Clean Air - High Hum)
2026-05-02 22:43:24 UTC,9,10,6.17,0.94,17,65.4,Safe (Clean Air - High Hum)
2026-05-02 22:43:34 UTC,5,10,5.9,0.91,17,65.3,Safe (Clean Air - High Hum)
2026-05-02 22:43:44 UTC,9,8,6.08,0.93,17,65.3,Safe (Clean Air - High Hum)
2026-05-02 22:43:54 UTC,11,13,5.89,0.92,16.9,65.2,Safe (Clean Air - High Hum)
2026-05-02 22:44:04 UTC,11,9,6.22,0.95,16.9,65.2,Safe (Clean Air - High Hum)
2026-05-02 22:44:14 UTC,9,9,5.89,0.91,17,65.4,Safe (Clean Air - High Hum)
2026-05-02 22:44:24 UTC,10,12,6.13,0.95,17,65.4,Safe (Clean Air - High Hum)
2026-05-02 22:44:34 UTC,9,14,5.89,0.91,16.9,65.4,Safe (Clean Air - High Hum)
2026-05-02 22:44:44 UTC,11,9,5.98,0.93,16.9,65.4,Safe (Clean Air - High Hum)
2026-05-02 22:44:54 UTC,7,11,5.9,0.91,16.9,65.4,Safe (Clean Air - High Hum)
2026-05-02 22:45:04 UTC,8,9,6.14,0.94,16.9,65.3,Safe (Clean Air - High Hum)
2026-05-02 22:45:14 UTC,6,12,5.89,0.92,16.9,65.5,Safe (Clean Air - High Hum)
2026-05-02 22:45:24 UTC,7,9,6.22,0.94,16.9,65.4,Safe (Clean Air - High Hum)
2026-05-02 22:45:34 UTC,9,11,6.03,0.93,16.9,65.6,Safe (Clean Air - High Hum)
2026-05-02 22:45:44 UTC,10,8,5.93,0.92,16.9,65.5,Safe (Clean Air - High Hum)
2026-05-02 22:45:54 UTC,5,14,6.08,0.93,16.9,65.4,Safe (Clean Air - High Hum)
2026-05-02 22:46:04 UTC,9,12,5.68,0.89,16.9,65.3,Safe (Clean Air - High Hum)
2026-05-02 22:46:14 UTC,10,8,6.13,0.94,16.9,65.4,Safe (Clean Air - High Hum)
2026-05-02 22:46:24 UTC,8,8,5.9,0.91,16.9,65.4,Safe (Clean Air - High Hum)
2026-05-02 22:46:34 UTC,9,8,6.13,0.94,16.9,65.4,Safe (Clean Air - High Hum)
2026-05-02 22:46:44 UTC,11,10,5.87,0.91,16.9,65.5,Safe (Clean Air - High Hum)
2026-05-02 22:46:54 UTC,5,14,6.22,0.94,16.9,65.5,Safe (Clean Air - High Hum)
2026-05-02 22:47:04 UTC,10,13,5.87,0.91,16.9,65.6,Safe (Clean Air - High Hum)
2026-05-02 22:47:14 UTC,10,14,5.94,0.92,17,65.7,Safe (Clean Air - High Hum)
2026-05-02 22:47:24 UTC,10,10,5.69,0.89,17,65.6,Safe (Clean Air - High Hum)
2026-05-02 22:47:34 UTC,8,13,6.11,0.94,17,65.6,Safe (Clean Air - High Hum)
2026-05-02 22:47:44 UTC,9,14,6.1,0.94,17,65.6,Safe (Clean Air - High Hum)
2026-05-02 22:47:54 UTC,8,8,5.87,0.91,17,65.6,Safe (Clean Air - High Hum)
2026-05-02 22:48:04 UTC,6,12,6.01,0.93,17,65.6,Safe (Clean Air - High Hum)
2026-05-02 22:48:14 UTC,6,13,5.85,0.91,17,65.6,Safe (Clean Air - High Hum)
2026-05-02 22:48:24 UTC,9,11,6.15,0.94,17,65.6,Safe (Clean Air - High Hum)
2026-05-02 22:48:34 UTC,11,11,5.9,0.91,17.1,65.5,Safe (Clean Air - High Hum)
2026-05-02 22:48:44 UTC,8,9,6.24,0.94,17,65.5,Safe (Clean Air - High Hum)
2026-05-02 22:48:54 UTC,5,13,6.01,0.92,17,65.3,Safe (Clean Air - High Hum)
2026-05-02 22:49:04 UTC,10,12,6.15,0.94,17,65.4,Safe (Clean Air - High Hum)
2026-05-02 22:49:14 UTC,10,10,5.91,0.91,17,65.4,Safe (Clean Air - High Hum)
2026-05-02 22:49:24 UTC,9,8,6.15,0.94,17,65.4,Safe (Clean Air - High Hum)
2026-05-02 22:49:34 UTC,11,9,5.87,0.91,17,65.5,Safe (Clean Air - High Hum)
2026-05-02 22:49:44 UTC,6,11,6.01,0.93,17,65.6,Safe (Clean Air - High Hum)
2026-05-02 22:49:54 UTC,6,10,6.11,0.94,17,65.5,Safe (Clean Air - High Hum)
2026-05-02 22:50:04 UTC,10,10,5.87,0.91,17.1,65.6,Safe (Clean Air - High Hum)
2026-05-02 22:50:14 UTC,9,8,6.08,0.94,17.1,65.5,Safe (Clean Air - High Hum)
2026-05-02 22:50:24 UTC,8,13,5.76,0.93,17.1,65.7,Safe (Clean Air - High Hum)
2026-05-02 22:50:34 UTC,6,11,6.08,0.94,17.1,65.5,Safe (Clean Air - High Hum)
2026-05-02 22:50:44 UTC,8,12,5.77,0.9,17.1,65.4,Safe (Clean Air - High Hum)
2026-05-02 22:50:54 UTC,11,10,6.1,0.94,17.1,65.4,Safe (Clean Air - High Hum)
2026-05-02 22:51:04 UTC,6,8,5.86,0.91,17.1,65.3,Safe (Clean Air - High Hum)
2026-05-02 22:51:14 UTC,6,12,6.08,0.93,17.1,65.4,Safe (Clean Air - High Hum)
2026-05-02 22:51:24 UTC,7,13,5.68,0.89,17.1,65.4,Safe (Clean Air - High Hum)
2026-05-02 22:51:34 UTC,6,11,6.11,0.94,17.1,65.3,Safe (Clean Air - High Hum)
2026-05-02 22:51:44 UTC,5,13,5.84,0.91,17,65.3,Safe (Clean Air - High Hum)
2026-05-02 22:51:54 UTC,9,10,6.11,0.94,17,65.3,Safe (Clean Air - High Hum)
2026-05-02 22:52:04 UTC,9,12,6.08,0.93,17,65.4,Safe (Clean Air - High Hum)
2026-05-02 22:52:14 UTC,8,12,5.8,0.91,17,65.4,Safe (Clean Air - High Hum)
2026-05-02 22:52:24 UTC,11,12,6.08,0.94,17,65.3,Safe (Clean Air - High Hum)
2026-05-02 22:52:34 UTC,6,10,5.75,0.91,17,65.2,Safe (Clean Air - High Hum)
2026-05-02 22:52:44 UTC,5,10,6.08,0.93,17,65.2,Safe (Clean Air - High Hum)
2026-05-02 22:52:54 UTC,8,13,5.87,0.91,17.1,65.2,Safe (Clean Air - High Hum)
2026-05-02 22:53:04 UTC,7,9,5.9,0.91,17.1,65.2,Safe (Clean Air - High Hum)
2026-05-02 22:53:14 UTC,8,13,5.87,0.9,17,65.2,Safe (Clean Air - High Hum)
2026-05-02 22:53:24 UTC,8,11,6.11,0.93,17.1,65.2,Safe (Clean Air - High Hum)
2026-05-02 22:53:34 UTC,6,8,5.67,0.9,17,65,Safe (Clean Air - High Hum)
2026-05-02 22:53:44 UTC,7,12,5.95,0.93,17,65,Safe (Clean Air - High Hum)
2026-05-02 22:53:54 UTC,8,9,5.78,0.91,17,65,Safe (Clean Air - High Hum)
2026-05-02 22:54:04 UTC,5,8,6.01,0.93,17,65,Safe (Clean Air - High Hum)
2026-05-02 22:54:14 UTC,5,9,5.87,0.92,17.1,65,Safe (Clean Air - High Hum)
2026-05-02 22:54:24 UTC,9,14,5.63,0.89,17,64.9,Safe (Clean Air - High Hum)
2026-05-02 22:54:34 UTC,7,13,6.08,0.93,17,64.8,Safe (Clean Air - High Hum)
2026-05-02 22:54:44 UTC,7,10,5.81,0.9,17,64.8,Safe (Clean Air - High Hum)
2026-05-02 22:54:54 UTC,9,12,6.07,0.93,17,64.8,Safe (Clean Air - High Hum)
2026-05-02 22:55:04 UTC,8,13,5.77,0.91,17,65,Safe (Clean Air - High Hum)
2026-05-02 22:55:14 UTC,7,8,6.02,0.94,17,65,Safe (Clean Air - High Hum)
2026-05-02 22:55:24 UTC,5,14,5.73,0.9,17.1,64.8,Safe (Clean Air - High Hum)
2026-05-02 22:55:34 UTC,5,14,5.9,0.92,17,64.8,Safe (Clean Air - High Hum)
2026-05-02 22:55:44 UTC,6,14,5.72,0.9,17,64.8,Safe (Clean Air - High Hum)
2026-05-02 22:55:54 UTC,7,8,6.05,0.94,17,64.8,Safe (Clean Air - High Hum)
2026-05-02 22:56:04 UTC,8,8,5.8,0.91,17,64.8,Safe (Clean Air - High Hum)
2026-05-02 22:56:14 UTC,9,8,6.02,0.93,17,64.8,Safe (Clean Air - High Hum)
2026-05-02 22:56:24 UTC,9,8,6.05,0.94,17,64.7,Safe (Clean Air - High Hum)
2026-05-02 22:56:34 UTC,8,14,5.78,0.9,17,64.6,Safe (Clean Air - High Hum)
2026-05-02 22:56:44 UTC,11,14,6.08,0.93,17,64.6,Safe (Clean Air - High Hum)
2026-05-02 22:56:54 UTC,10,9,5.8,0.91,17,64.5,Safe (Clean Air - High Hum)
2026-05-02 22:57:04 UTC,6,13,6.02,0.93,17,64.7,Safe (Clean Air - High Hum)
2026-05-02 22:57:14 UTC,9,12,5.72,0.89,17,64.7,Safe (Clean Air - High Hum)
2026-05-02 22:57:24 UTC,7,10,6.03,0.93,17,64.8,Safe (Clean Air - High Hum)
2026-05-02 22:57:34 UTC,6,14,5.63,0.88,17,64.6,Safe (Clean Air - High Hum)
2026-05-02 22:57:44 UTC,7,10,6.01,0.93,17,64.6,Safe (Clean Air - High Hum)
2026-05-02 22:57:54 UTC,11,13,5.78,0.91,17,64.6,Safe (Clean Air - High Hum)
2026-05-02 22:58:04 UTC,5,13,6.08,0.93,16.9,64.6,Safe (Clean Air - High Hum)
2026-05-02 22:58:14 UTC,6,10,5.66,0.89,16.9,64.6,Safe (Clean Air - High Hum)
2026-05-02 22:58:24 UTC,9,14,5.87,0.92,16.9,64.7,Safe (Clean Air - High Hum)
2026-05-02 22:58:34 UTC,6,10,6.05,0.93,16.9,64.9,Safe (Clean Air - High Hum)
2026-05-02 22:58:44 UTC,6,9,5.8,0.91,17,64.8,Safe (Clean Air - High Hum)
2026-05-02 22:58:54 UTC,6,11,6.07,0.93,17,64.7,Safe (Clean Air - High Hum)
2026-05-02 22:59:04 UTC,10,14,5.76,0.9,17,64.6,Safe (Clean Air - High Hum)
2026-05-02 22:59:14 UTC,6,14,6.02,0.93,17,64.6,Safe (Clean Air - High Hum)
2026-05-02 22:59:24 UTC,7,12,5.69,0.9,16.9,64.6,Safe (Clean Air - High Hum)
2026-05-02 22:59:34 UTC,5,8,6.05,0.93,16.9,64.7,Safe (Clean Air - High Hum)
2026-05-02 22:59:44 UTC,11,11,5.78,0.91,17,64.8,Safe (Clean Air - High Hum)
2026-05-02 22:59:54 UTC,8,13,5.84,0.91,17,64.8,Safe (Clean Air - High Hum)
2026-05-02 23:00:04 UTC,6,14,5.8,0.91,16.9,64.8,Safe (Clean Air - High Hum)
2026-05-02 23:00:14 UTC,9,10,6.05,0.93,17,64.9,Safe (Clean Air - High Hum)
2026-05-02 23:00:24 UTC,6,11,5.69,0.9,17,64.9,Safe (Clean Air - High Hum)
2026-05-02 23:00:34 UTC,9,12,6.08,0.93,17,64.9,Safe (Clean Air - High Hum)
2026-05-02 23:00:44 UTC,7,13,6.02,0.93,17,64.9,Safe (Clean Air - High Hum)
2026-05-02 23:00:54 UTC,9,8,5.72,0.9,17,64.9,Safe (Clean Air - High Hum)
2026-05-02 23:01:04 UTC,8,8,5.84,0.92,17,64.8,Safe (Clean Air - High Hum)
2026-05-02 23:01:14 UTC,5,12,5.7,0.89,17,64.8,Safe (Clean Air - High Hum)
2026-05-02 23:01:24 UTC,9,12,6.05,0.93,17,64.7,Safe (Clean Air - High Hum)
2026-05-02 23:01:34 UTC,9,10,5.67,0.89,17,64.6,Safe (Clean Air - High Hum)
2026-05-02 23:01:44 UTC,5,14,6.07,0.93,17,64.7,Safe (Clean Air - High Hum)
2026-05-02 23:01:54 UTC,8,8,5.55,0.88,17,64.8,Safe (Clean Air - High Hum)
2026-05-02 23:02:04 UTC,6,13,6.01,0.93,17,64.9,Safe (Clean Air - High Hum)
2026-05-02 23:02:14 UTC,9,11,5.73,0.9,17,64.9,Safe (Clean Air - High Hum)
2026-05-02 23:02:24 UTC,5,13,6.08,0.93,17,64.9,Safe (Clean Air - High Hum)
2026-05-02 23:02:34 UTC,7,9,5.7,0.9,17,64.8,Safe (Clean Air - High Hum)
2026-05-02 23:02:44 UTC,5,9,6.05,0.93,17,64.9,Safe (Clean Air - High Hum)
2026-05-02 23:02:54 UTC,7,12,5.84,0.91,17,64.9,Safe (Clean Air - High Hum)
2026-05-02 23:03:04 UTC,8,10,5.67,0.9,17,64.9,Safe (Clean Air - High Hum)
2026-05-02 23:03:14 UTC,6,9,6.07,0.93,17,64.9,Safe (Clean Air - High Hum)
